This is pdfTeX, Version 3.14159265-2.6-1.40.20 (TeX Live 2019) (preloaded format=pdflatex 2019.11.26)  9 MAR 2021 19:47
entering extended mode
 restricted \write18 enabled.
 %&-line parsing enabled.
**defense.tex
(./defense.tex
LaTeX2e <2018-12-01>
(/usr/local/texlive/2019/texmf-dist/tex/latex/beamer/beamer.cls
Document Class: beamer 2018/12/02 v3.55 A class for typesetting presentations
(/usr/local/texlive/2019/texmf-dist/tex/latex/beamer/beamerbasemodes.sty
(/usr/local/texlive/2019/texmf-dist/tex/latex/etoolbox/etoolbox.sty
Package: etoolbox 2018/08/19 v2.5f e-TeX tools for LaTeX (JAW)
\etb@tempcnta=\count80
)
\beamer@tempbox=\box27
\beamer@tempcount=\count81
\c@beamerpauses=\count82

(/usr/local/texlive/2019/texmf-dist/tex/latex/beamer/beamerbasedecode.sty
\beamer@slideinframe=\count83
\beamer@minimum=\count84
)
\beamer@commentbox=\box28
\beamer@modecount=\count85
)
(/usr/local/texlive/2019/texmf-dist/tex/generic/oberdiek/ifpdf.sty
Package: ifpdf 2018/09/07 v3.3 Provides the ifpdf switch
)
\headdp=\dimen102
\footheight=\dimen103
\sidebarheight=\dimen104
\beamer@tempdim=\dimen105
\beamer@finalheight=\dimen106
\beamer@animht=\dimen107
\beamer@animdp=\dimen108
\beamer@animwd=\dimen109
\beamer@leftmargin=\dimen110
\beamer@rightmargin=\dimen111
\beamer@leftsidebar=\dimen112
\beamer@rightsidebar=\dimen113
\beamer@boxsize=\dimen114
\beamer@vboxoffset=\dimen115
\beamer@descdefault=\dimen116
\beamer@descriptionwidth=\dimen117
\beamer@lastskip=\skip41
\beamer@areabox=\box29
\beamer@animcurrent=\box30
\beamer@animshowbox=\box31
\beamer@sectionbox=\box32
\beamer@logobox=\box33
\beamer@linebox=\box34
\beamer@sectioncount=\count86
\beamer@subsubsectionmax=\count87
\beamer@subsectionmax=\count88
\beamer@sectionmax=\count89
\beamer@totalheads=\count90
\beamer@headcounter=\count91
\beamer@partstartpage=\count92
\beamer@sectionstartpage=\count93
\beamer@subsectionstartpage=\count94
\beamer@animationtempa=\count95
\beamer@animationtempb=\count96
\beamer@xpos=\count97
\beamer@ypos=\count98
\beamer@ypos@offset=\count99
\beamer@showpartnumber=\count100
\beamer@currentsubsection=\count101
\beamer@coveringdepth=\count102
\beamer@sectionadjust=\count103
\beamer@tocsectionnumber=\count104

(/usr/local/texlive/2019/texmf-dist/tex/latex/beamer/beamerbaseoptions.sty
(/usr/local/texlive/2019/texmf-dist/tex/latex/graphics/keyval.sty
Package: keyval 2014/10/28 v1.15 key=value parser (DPC)
\KV@toks@=\toks14
))
\beamer@paperwidth=\skip42
\beamer@paperheight=\skip43

(/usr/local/texlive/2019/texmf-dist/tex/latex/geometry/geometry.sty
Package: geometry 2018/04/16 v5.8 Page Geometry

(/usr/local/texlive/2019/texmf-dist/tex/generic/oberdiek/ifvtex.sty
Package: ifvtex 2016/05/16 v1.6 Detect VTeX and its facilities (HO)
Package ifvtex Info: VTeX not detected.
)
(/usr/local/texlive/2019/texmf-dist/tex/generic/ifxetex/ifxetex.sty
Package: ifxetex 2010/09/12 v0.6 Provides ifxetex conditional
)
\Gm@cnth=\count105
\Gm@cntv=\count106
\c@Gm@tempcnt=\count107
\Gm@bindingoffset=\dimen118
\Gm@wd@mp=\dimen119
\Gm@odd@mp=\dimen120
\Gm@even@mp=\dimen121
\Gm@layoutwidth=\dimen122
\Gm@layoutheight=\dimen123
\Gm@layouthoffset=\dimen124
\Gm@layoutvoffset=\dimen125
\Gm@dimlist=\toks15
)
(/usr/local/texlive/2019/texmf-dist/tex/latex/base/size10.clo
File: size10.clo 2018/09/03 v1.4i Standard LaTeX file (size option)
)
(/usr/local/texlive/2019/texmf-dist/tex/latex/pgf/basiclayer/pgfcore.sty
(/usr/local/texlive/2019/texmf-dist/tex/latex/graphics/graphicx.sty
Package: graphicx 2017/06/01 v1.1a Enhanced LaTeX Graphics (DPC,SPQR)

(/usr/local/texlive/2019/texmf-dist/tex/latex/graphics/graphics.sty
Package: graphics 2017/06/25 v1.2c Standard LaTeX Graphics (DPC,SPQR)

(/usr/local/texlive/2019/texmf-dist/tex/latex/graphics/trig.sty
Package: trig 2016/01/03 v1.10 sin cos tan (DPC)
)
(/usr/local/texlive/2019/texmf-dist/tex/latex/graphics-cfg/graphics.cfg
File: graphics.cfg 2016/06/04 v1.11 sample graphics configuration
)
Package graphics Info: Driver file: pdftex.def on input line 99.

(/usr/local/texlive/2019/texmf-dist/tex/latex/graphics-def/pdftex.def
File: pdftex.def 2018/01/08 v1.0l Graphics/color driver for pdftex
))
\Gin@req@height=\dimen126
\Gin@req@width=\dimen127
)
(/usr/local/texlive/2019/texmf-dist/tex/latex/pgf/systemlayer/pgfsys.sty
(/usr/local/texlive/2019/texmf-dist/tex/latex/pgf/utilities/pgfrcs.sty
(/usr/local/texlive/2019/texmf-dist/tex/generic/pgf/utilities/pgfutil-common.te
x
\pgfutil@everybye=\toks16
\pgfutil@tempdima=\dimen128
\pgfutil@tempdimb=\dimen129

(/usr/local/texlive/2019/texmf-dist/tex/generic/pgf/utilities/pgfutil-common-li
sts.tex))
(/usr/local/texlive/2019/texmf-dist/tex/generic/pgf/utilities/pgfutil-latex.def
\pgfutil@abb=\box35
(/usr/local/texlive/2019/texmf-dist/tex/latex/ms/everyshi.sty
Package: everyshi 2001/05/15 v3.00 EveryShipout Package (MS)
))
(/usr/local/texlive/2019/texmf-dist/tex/generic/pgf/utilities/pgfrcs.code.tex
(/usr/local/texlive/2019/texmf-dist/tex/generic/pgf/pgf.revision.tex)
Package: pgfrcs 2019/02/02 v3.1.1 (3.1.1)
))
(/usr/local/texlive/2019/texmf-dist/tex/generic/pgf/systemlayer/pgfsys.code.tex
Package: pgfsys 2019/02/02 v3.1.1 (3.1.1)
(/usr/local/texlive/2019/texmf-dist/tex/generic/pgf/utilities/pgfkeys.code.tex
\pgfkeys@pathtoks=\toks17
\pgfkeys@temptoks=\toks18

(/usr/local/texlive/2019/texmf-dist/tex/generic/pgf/utilities/pgfkeysfiltered.c
ode.tex
\pgfkeys@tmptoks=\toks19
))
\pgf@x=\dimen130
\pgf@y=\dimen131
\pgf@xa=\dimen132
\pgf@ya=\dimen133
\pgf@xb=\dimen134
\pgf@yb=\dimen135
\pgf@xc=\dimen136
\pgf@yc=\dimen137
\w@pgf@writea=\write3
\r@pgf@reada=\read1
\c@pgf@counta=\count108
\c@pgf@countb=\count109
\c@pgf@countc=\count110
\c@pgf@countd=\count111
\t@pgf@toka=\toks20
\t@pgf@tokb=\toks21
\t@pgf@tokc=\toks22
\pgf@sys@id@count=\count112

(/usr/local/texlive/2019/texmf-dist/tex/generic/pgf/systemlayer/pgf.cfg
File: pgf.cfg 2019/02/02 v3.1.1 (3.1.1)
)
Driver file for pgf: pgfsys-pdftex.def

(/usr/local/texlive/2019/texmf-dist/tex/generic/pgf/systemlayer/pgfsys-pdftex.d
ef
File: pgfsys-pdftex.def 2019/02/02 v3.1.1 (3.1.1)

(/usr/local/texlive/2019/texmf-dist/tex/generic/pgf/systemlayer/pgfsys-common-p
df.def
File: pgfsys-common-pdf.def 2019/02/02 v3.1.1 (3.1.1)
)))
(/usr/local/texlive/2019/texmf-dist/tex/generic/pgf/systemlayer/pgfsyssoftpath.
code.tex
File: pgfsyssoftpath.code.tex 2019/02/02 v3.1.1 (3.1.1)
\pgfsyssoftpath@smallbuffer@items=\count113
\pgfsyssoftpath@bigbuffer@items=\count114
)
(/usr/local/texlive/2019/texmf-dist/tex/generic/pgf/systemlayer/pgfsysprotocol.
code.tex
File: pgfsysprotocol.code.tex 2019/02/02 v3.1.1 (3.1.1)
)) (/usr/local/texlive/2019/texmf-dist/tex/latex/xcolor/xcolor.sty
Package: xcolor 2016/05/11 v2.12 LaTeX color extensions (UK)

(/usr/local/texlive/2019/texmf-dist/tex/latex/graphics-cfg/color.cfg
File: color.cfg 2016/01/02 v1.6 sample color configuration
)
Package xcolor Info: Driver file: pdftex.def on input line 225.
Package xcolor Info: Model `cmy' substituted by `cmy0' on input line 1348.
Package xcolor Info: Model `hsb' substituted by `rgb' on input line 1352.
Package xcolor Info: Model `RGB' extended on input line 1364.
Package xcolor Info: Model `HTML' substituted by `rgb' on input line 1366.
Package xcolor Info: Model `Hsb' substituted by `hsb' on input line 1367.
Package xcolor Info: Model `tHsb' substituted by `hsb' on input line 1368.
Package xcolor Info: Model `HSB' substituted by `hsb' on input line 1369.
Package xcolor Info: Model `Gray' substituted by `gray' on input line 1370.
Package xcolor Info: Model `wave' substituted by `hsb' on input line 1371.
)
(/usr/local/texlive/2019/texmf-dist/tex/generic/pgf/basiclayer/pgfcore.code.tex
Package: pgfcore 2019/02/02 v3.1.1 (3.1.1)
(/usr/local/texlive/2019/texmf-dist/tex/generic/pgf/math/pgfmath.code.tex
(/usr/local/texlive/2019/texmf-dist/tex/generic/pgf/math/pgfmathcalc.code.tex
(/usr/local/texlive/2019/texmf-dist/tex/generic/pgf/math/pgfmathutil.code.tex)
(/usr/local/texlive/2019/texmf-dist/tex/generic/pgf/math/pgfmathparser.code.tex
\pgfmath@dimen=\dimen138
\pgfmath@count=\count115
\pgfmath@box=\box36
\pgfmath@toks=\toks23
\pgfmath@stack@operand=\toks24
\pgfmath@stack@operation=\toks25
)
(/usr/local/texlive/2019/texmf-dist/tex/generic/pgf/math/pgfmathfunctions.code.
tex
(/usr/local/texlive/2019/texmf-dist/tex/generic/pgf/math/pgfmathfunctions.basic
.code.tex)
(/usr/local/texlive/2019/texmf-dist/tex/generic/pgf/math/pgfmathfunctions.trigo
nometric.code.tex)
(/usr/local/texlive/2019/texmf-dist/tex/generic/pgf/math/pgfmathfunctions.rando
m.code.tex)
(/usr/local/texlive/2019/texmf-dist/tex/generic/pgf/math/pgfmathfunctions.compa
rison.code.tex)
(/usr/local/texlive/2019/texmf-dist/tex/generic/pgf/math/pgfmathfunctions.base.
code.tex)
(/usr/local/texlive/2019/texmf-dist/tex/generic/pgf/math/pgfmathfunctions.round
.code.tex)
(/usr/local/texlive/2019/texmf-dist/tex/generic/pgf/math/pgfmathfunctions.misc.
code.tex)
(/usr/local/texlive/2019/texmf-dist/tex/generic/pgf/math/pgfmathfunctions.integ
erarithmetics.code.tex)))
(/usr/local/texlive/2019/texmf-dist/tex/generic/pgf/math/pgfmathfloat.code.tex
\c@pgfmathroundto@lastzeros=\count116
))
(/usr/local/texlive/2019/texmf-dist/tex/generic/pgf/basiclayer/pgfcorepoints.co
de.tex
File: pgfcorepoints.code.tex 2019/02/02 v3.1.1 (3.1.1)
\pgf@picminx=\dimen139
\pgf@picmaxx=\dimen140
\pgf@picminy=\dimen141
\pgf@picmaxy=\dimen142
\pgf@pathminx=\dimen143
\pgf@pathmaxx=\dimen144
\pgf@pathminy=\dimen145
\pgf@pathmaxy=\dimen146
\pgf@xx=\dimen147
\pgf@xy=\dimen148
\pgf@yx=\dimen149
\pgf@yy=\dimen150
\pgf@zx=\dimen151
\pgf@zy=\dimen152
)
(/usr/local/texlive/2019/texmf-dist/tex/generic/pgf/basiclayer/pgfcorepathconst
ruct.code.tex
File: pgfcorepathconstruct.code.tex 2019/02/02 v3.1.1 (3.1.1)
\pgf@path@lastx=\dimen153
\pgf@path@lasty=\dimen154
)
(/usr/local/texlive/2019/texmf-dist/tex/generic/pgf/basiclayer/pgfcorepathusage
.code.tex
File: pgfcorepathusage.code.tex 2019/02/02 v3.1.1 (3.1.1)
\pgf@shorten@end@additional=\dimen155
\pgf@shorten@start@additional=\dimen156
)
(/usr/local/texlive/2019/texmf-dist/tex/generic/pgf/basiclayer/pgfcorescopes.co
de.tex
File: pgfcorescopes.code.tex 2019/02/02 v3.1.1 (3.1.1)
\pgfpic=\box37
\pgf@hbox=\box38
\pgf@layerbox@main=\box39
\pgf@picture@serial@count=\count117
)
(/usr/local/texlive/2019/texmf-dist/tex/generic/pgf/basiclayer/pgfcoregraphicst
ate.code.tex
File: pgfcoregraphicstate.code.tex 2019/02/02 v3.1.1 (3.1.1)
\pgflinewidth=\dimen157
)
(/usr/local/texlive/2019/texmf-dist/tex/generic/pgf/basiclayer/pgfcoretransform
ations.code.tex
File: pgfcoretransformations.code.tex 2019/02/02 v3.1.1 (3.1.1)
\pgf@pt@x=\dimen158
\pgf@pt@y=\dimen159
\pgf@pt@temp=\dimen160
)
(/usr/local/texlive/2019/texmf-dist/tex/generic/pgf/basiclayer/pgfcorequick.cod
e.tex
File: pgfcorequick.code.tex 2019/02/02 v3.1.1 (3.1.1)
)
(/usr/local/texlive/2019/texmf-dist/tex/generic/pgf/basiclayer/pgfcoreobjects.c
ode.tex
File: pgfcoreobjects.code.tex 2019/02/02 v3.1.1 (3.1.1)
)
(/usr/local/texlive/2019/texmf-dist/tex/generic/pgf/basiclayer/pgfcorepathproce
ssing.code.tex
File: pgfcorepathprocessing.code.tex 2019/02/02 v3.1.1 (3.1.1)
)
(/usr/local/texlive/2019/texmf-dist/tex/generic/pgf/basiclayer/pgfcorearrows.co
de.tex
File: pgfcorearrows.code.tex 2019/02/02 v3.1.1 (3.1.1)
\pgfarrowsep=\dimen161
)
(/usr/local/texlive/2019/texmf-dist/tex/generic/pgf/basiclayer/pgfcoreshade.cod
e.tex
File: pgfcoreshade.code.tex 2019/02/02 v3.1.1 (3.1.1)
\pgf@max=\dimen162
\pgf@sys@shading@range@num=\count118
)
(/usr/local/texlive/2019/texmf-dist/tex/generic/pgf/basiclayer/pgfcoreimage.cod
e.tex
File: pgfcoreimage.code.tex 2019/02/02 v3.1.1 (3.1.1)

(/usr/local/texlive/2019/texmf-dist/tex/generic/pgf/basiclayer/pgfcoreexternal.
code.tex
File: pgfcoreexternal.code.tex 2019/02/02 v3.1.1 (3.1.1)
\pgfexternal@startupbox=\box40
))
(/usr/local/texlive/2019/texmf-dist/tex/generic/pgf/basiclayer/pgfcorelayers.co
de.tex
File: pgfcorelayers.code.tex 2019/02/02 v3.1.1 (3.1.1)
)
(/usr/local/texlive/2019/texmf-dist/tex/generic/pgf/basiclayer/pgfcoretranspare
ncy.code.tex
File: pgfcoretransparency.code.tex 2019/02/02 v3.1.1 (3.1.1)
)
(/usr/local/texlive/2019/texmf-dist/tex/generic/pgf/basiclayer/pgfcorepatterns.
code.tex
File: pgfcorepatterns.code.tex 2019/02/02 v3.1.1 (3.1.1)
)
(/usr/local/texlive/2019/texmf-dist/tex/generic/pgf/basiclayer/pgfcorerdf.code.
tex
File: pgfcorerdf.code.tex 2019/02/02 v3.1.1 (3.1.1)
))) (/usr/local/texlive/2019/texmf-dist/tex/latex/pgf/utilities/xxcolor.sty
Package: xxcolor 2003/10/24 ver 0.1
\XC@nummixins=\count119
\XC@countmixins=\count120
) (/usr/local/texlive/2019/texmf-dist/tex/generic/oberdiek/atbegshi.sty
Package: atbegshi 2016/06/09 v1.18 At begin shipout hook (HO)

(/usr/local/texlive/2019/texmf-dist/tex/generic/oberdiek/infwarerr.sty
Package: infwarerr 2016/05/16 v1.4 Providing info/warning/error messages (HO)
)
(/usr/local/texlive/2019/texmf-dist/tex/generic/oberdiek/ltxcmds.sty
Package: ltxcmds 2016/05/16 v1.23 LaTeX kernel commands for general use (HO)
))
(/usr/local/texlive/2019/texmf-dist/tex/latex/hyperref/hyperref.sty
Package: hyperref 2018/11/30 v6.88e Hypertext links for LaTeX

(/usr/local/texlive/2019/texmf-dist/tex/generic/oberdiek/hobsub-hyperref.sty
Package: hobsub-hyperref 2016/05/16 v1.14 Bundle oberdiek, subset hyperref (HO)


(/usr/local/texlive/2019/texmf-dist/tex/generic/oberdiek/hobsub-generic.sty
Package: hobsub-generic 2016/05/16 v1.14 Bundle oberdiek, subset generic (HO)
Package: hobsub 2016/05/16 v1.14 Construct package bundles (HO)
Package hobsub Info: Skipping package `infwarerr' (already loaded).
Package hobsub Info: Skipping package `ltxcmds' (already loaded).
Package: ifluatex 2016/05/16 v1.4 Provides the ifluatex switch (HO)
Package ifluatex Info: LuaTeX not detected.
Package hobsub Info: Skipping package `ifvtex' (already loaded).
Package: intcalc 2016/05/16 v1.2 Expandable calculations with integers (HO)
Package hobsub Info: Skipping package `ifpdf' (already loaded).
Package: etexcmds 2016/05/16 v1.6 Avoid name clashes with e-TeX commands (HO)
Package: kvsetkeys 2016/05/16 v1.17 Key value parser (HO)
Package: kvdefinekeys 2016/05/16 v1.4 Define keys (HO)
Package: pdftexcmds 2018/09/10 v0.29 Utility functions of pdfTeX for LuaTeX (HO
)
Package pdftexcmds Info: LuaTeX not detected.
Package pdftexcmds Info: \pdf@primitive is available.
Package pdftexcmds Info: \pdf@ifprimitive is available.
Package pdftexcmds Info: \pdfdraftmode found.
Package: pdfescape 2016/05/16 v1.14 Implements pdfTeX's escape features (HO)
Package: bigintcalc 2016/05/16 v1.4 Expandable calculations on big integers (HO
)
Package: bitset 2016/05/16 v1.2 Handle bit-vector datatype (HO)
Package: uniquecounter 2016/05/16 v1.3 Provide unlimited unique counter (HO)
)
Package hobsub Info: Skipping package `hobsub' (already loaded).
Package: letltxmacro 2016/05/16 v1.5 Let assignment for LaTeX macros (HO)
Package: hopatch 2016/05/16 v1.3 Wrapper for package hooks (HO)
Package: xcolor-patch 2016/05/16 xcolor patch
Package: atveryend 2016/05/16 v1.9 Hooks at the very end of document (HO)
Package hobsub Info: Skipping package `atbegshi' (already loaded).
Package: refcount 2016/05/16 v3.5 Data extraction from label references (HO)
Package: hycolor 2016/05/16 v1.8 Color options for hyperref/bookmark (HO)
)
(/usr/local/texlive/2019/texmf-dist/tex/latex/oberdiek/auxhook.sty
Package: auxhook 2016/05/16 v1.4 Hooks for auxiliary files (HO)
)
(/usr/local/texlive/2019/texmf-dist/tex/latex/oberdiek/kvoptions.sty
Package: kvoptions 2016/05/16 v3.12 Key value format for package options (HO)
)
\@linkdim=\dimen163
\Hy@linkcounter=\count121
\Hy@pagecounter=\count122

(/usr/local/texlive/2019/texmf-dist/tex/latex/hyperref/pd1enc.def
File: pd1enc.def 2018/11/30 v6.88e Hyperref: PDFDocEncoding definition (HO)
Now handling font encoding PD1 ...
... no UTF-8 mapping file for font encoding PD1
)
\Hy@SavedSpaceFactor=\count123

(/usr/local/texlive/2019/texmf-dist/tex/latex/latexconfig/hyperref.cfg
File: hyperref.cfg 2002/06/06 v1.2 hyperref configuration of TeXLive
)
Package hyperref Info: Option `bookmarks' set `true' on input line 4393.
Package hyperref Info: Option `bookmarksopen' set `true' on input line 4393.
Package hyperref Info: Option `implicit' set `false' on input line 4393.
Package hyperref Info: Hyper figures OFF on input line 4519.
Package hyperref Info: Link nesting OFF on input line 4524.
Package hyperref Info: Hyper index ON on input line 4527.
Package hyperref Info: Plain pages OFF on input line 4534.
Package hyperref Info: Backreferencing OFF on input line 4539.
Package hyperref Info: Implicit mode OFF; no redefinition of LaTeX internals.
Package hyperref Info: Bookmarks ON on input line 4772.
\c@Hy@tempcnt=\count124

(/usr/local/texlive/2019/texmf-dist/tex/latex/url/url.sty
\Urlmuskip=\muskip10
Package: url 2013/09/16  ver 3.4  Verb mode for urls, etc.
)
LaTeX Info: Redefining \url on input line 5125.
\XeTeXLinkMargin=\dimen164
\Fld@menulength=\count125
\Field@Width=\dimen165
\Fld@charsize=\dimen166
Package hyperref Info: Hyper figures OFF on input line 6380.
Package hyperref Info: Link nesting OFF on input line 6385.
Package hyperref Info: Hyper index ON on input line 6388.
Package hyperref Info: backreferencing OFF on input line 6395.
Package hyperref Info: Link coloring OFF on input line 6400.
Package hyperref Info: Link coloring with OCG OFF on input line 6405.
Package hyperref Info: PDF/A mode OFF on input line 6410.
LaTeX Info: Redefining \ref on input line 6450.
LaTeX Info: Redefining \pageref on input line 6454.
\Hy@abspage=\count126


Package hyperref Message: Stopped early.

)
Package hyperref Info: Driver (autodetected): hpdftex.
 (/usr/local/texlive/2019/texmf-dist/tex/latex/hyperref/hpdftex.def
File: hpdftex.def 2018/11/30 v6.88e Hyperref driver for pdfTeX
\Fld@listcount=\count127
\c@bookmark@seq@number=\count128

(/usr/local/texlive/2019/texmf-dist/tex/latex/oberdiek/rerunfilecheck.sty
Package: rerunfilecheck 2016/05/16 v1.8 Rerun checks for auxiliary files (HO)
Package uniquecounter Info: New unique counter `rerunfilecheck' on input line 2
82.
))
(/usr/local/texlive/2019/texmf-dist/tex/latex/beamer/beamerbaserequires.sty
(/usr/local/texlive/2019/texmf-dist/tex/latex/beamer/beamerbasecompatibility.st
y) (/usr/local/texlive/2019/texmf-dist/tex/latex/beamer/beamerbasefont.sty
(/usr/local/texlive/2019/texmf-dist/tex/latex/amsfonts/amssymb.sty
Package: amssymb 2013/01/14 v3.01 AMS font symbols

(/usr/local/texlive/2019/texmf-dist/tex/latex/amsfonts/amsfonts.sty
Package: amsfonts 2013/01/14 v3.01 Basic AMSFonts support
\@emptytoks=\toks26
\symAMSa=\mathgroup4
\symAMSb=\mathgroup5
LaTeX Font Info:    Overwriting math alphabet `\mathfrak' in version `bold'
(Font)                  U/euf/m/n --> U/euf/b/n on input line 106.
))
(/usr/local/texlive/2019/texmf-dist/tex/latex/sansmathaccent/sansmathaccent.sty
Package: sansmathaccent 2013/03/28
(/usr/local/texlive/2019/texmf-dist/tex/latex/filehook/filehook.sty
Package: filehook 2011/10/12 v0.5d Hooks for input files
)))
(/usr/local/texlive/2019/texmf-dist/tex/latex/beamer/beamerbasetranslator.sty
(/usr/local/texlive/2019/texmf-dist/tex/latex/translator/translator.sty
Package: translator 2018/01/04 v1.12 Easy translation of strings in LaTeX
))
(/usr/local/texlive/2019/texmf-dist/tex/latex/beamer/beamerbasemisc.sty)
(/usr/local/texlive/2019/texmf-dist/tex/latex/beamer/beamerbasetwoscreens.sty)
(/usr/local/texlive/2019/texmf-dist/tex/latex/beamer/beamerbaseoverlay.sty
\beamer@argscount=\count129
\beamer@lastskipcover=\skip44
\beamer@trivlistdepth=\count130
)
(/usr/local/texlive/2019/texmf-dist/tex/latex/beamer/beamerbasetitle.sty)
(/usr/local/texlive/2019/texmf-dist/tex/latex/beamer/beamerbasesection.sty
\c@lecture=\count131
\c@part=\count132
\c@section=\count133
\c@subsection=\count134
\c@subsubsection=\count135
)
(/usr/local/texlive/2019/texmf-dist/tex/latex/beamer/beamerbaseframe.sty
\beamer@framebox=\box41
\beamer@frametitlebox=\box42
\beamer@zoombox=\box43
\beamer@zoomcount=\count136
\beamer@zoomframecount=\count137
\beamer@frametextheight=\dimen167
\c@subsectionslide=\count138
\beamer@frametopskip=\skip45
\beamer@framebottomskip=\skip46
\beamer@frametopskipautobreak=\skip47
\beamer@framebottomskipautobreak=\skip48
\beamer@envbody=\toks27
\framewidth=\dimen168
\c@framenumber=\count139
)
(/usr/local/texlive/2019/texmf-dist/tex/latex/beamer/beamerbaseverbatim.sty
\beamer@verbatimfileout=\write4
)
(/usr/local/texlive/2019/texmf-dist/tex/latex/beamer/beamerbaseframesize.sty
\beamer@splitbox=\box44
\beamer@autobreakcount=\count140
\beamer@autobreaklastheight=\dimen169
\beamer@frametitletoks=\toks28
\beamer@framesubtitletoks=\toks29
)
(/usr/local/texlive/2019/texmf-dist/tex/latex/beamer/beamerbaseframecomponents.
sty
\beamer@footins=\box45
) (/usr/local/texlive/2019/texmf-dist/tex/latex/beamer/beamerbasecolor.sty)
(/usr/local/texlive/2019/texmf-dist/tex/latex/beamer/beamerbasenotes.sty
\beamer@frameboxcopy=\box46
)
(/usr/local/texlive/2019/texmf-dist/tex/latex/beamer/beamerbasetoc.sty)
(/usr/local/texlive/2019/texmf-dist/tex/latex/beamer/beamerbasetemplates.sty
\beamer@sbttoks=\toks30

(/usr/local/texlive/2019/texmf-dist/tex/latex/beamer/beamerbaseauxtemplates.sty
(/usr/local/texlive/2019/texmf-dist/tex/latex/beamer/beamerbaseboxes.sty
\bmb@box=\box47
\bmb@colorbox=\box48
\bmb@boxshadow=\box49
\bmb@boxshadowball=\box50
\bmb@boxshadowballlarge=\box51
\bmb@temp=\dimen170
\bmb@dima=\dimen171
\bmb@dimb=\dimen172
\bmb@prevheight=\dimen173
)
\beamer@blockheadheight=\dimen174
))
(/usr/local/texlive/2019/texmf-dist/tex/latex/beamer/beamerbaselocalstructure.s
ty (/usr/local/texlive/2019/texmf-dist/tex/latex/tools/enumerate.sty
Package: enumerate 2015/07/23 v3.00 enumerate extensions (DPC)
\@enLab=\toks31
)
\c@figure=\count141
\c@table=\count142
\abovecaptionskip=\skip49
\belowcaptionskip=\skip50
)
(/usr/local/texlive/2019/texmf-dist/tex/latex/beamer/beamerbasenavigation.sty
\beamer@section@min@dim=\dimen175
)
(/usr/local/texlive/2019/texmf-dist/tex/latex/beamer/beamerbasetheorems.sty
(/usr/local/texlive/2019/texmf-dist/tex/latex/amsmath/amsmath.sty
Package: amsmath 2018/12/01 v2.17b AMS math features
\@mathmargin=\skip51

For additional information on amsmath, use the `?' option.
(/usr/local/texlive/2019/texmf-dist/tex/latex/amsmath/amstext.sty
Package: amstext 2000/06/29 v2.01 AMS text

(/usr/local/texlive/2019/texmf-dist/tex/latex/amsmath/amsgen.sty
File: amsgen.sty 1999/11/30 v2.0 generic functions
\@emptytoks=\toks32
\ex@=\dimen176
))
(/usr/local/texlive/2019/texmf-dist/tex/latex/amsmath/amsbsy.sty
Package: amsbsy 1999/11/29 v1.2d Bold Symbols
\pmbraise@=\dimen177
)
(/usr/local/texlive/2019/texmf-dist/tex/latex/amsmath/amsopn.sty
Package: amsopn 2016/03/08 v2.02 operator names
)
\inf@bad=\count143
LaTeX Info: Redefining \frac on input line 223.
\uproot@=\count144
\leftroot@=\count145
LaTeX Info: Redefining \overline on input line 385.
\classnum@=\count146
\DOTSCASE@=\count147
LaTeX Info: Redefining \ldots on input line 482.
LaTeX Info: Redefining \dots on input line 485.
LaTeX Info: Redefining \cdots on input line 606.
\Mathstrutbox@=\box52
\strutbox@=\box53
\big@size=\dimen178
LaTeX Font Info:    Redeclaring font encoding OML on input line 729.
LaTeX Font Info:    Redeclaring font encoding OMS on input line 730.
\macc@depth=\count148
\c@MaxMatrixCols=\count149
\dotsspace@=\muskip11
\c@parentequation=\count150
\dspbrk@lvl=\count151
\tag@help=\toks33
\row@=\count152
\column@=\count153
\maxfields@=\count154
\andhelp@=\toks34
\eqnshift@=\dimen179
\alignsep@=\dimen180
\tagshift@=\dimen181
\tagwidth@=\dimen182
\totwidth@=\dimen183
\lineht@=\dimen184
\@envbody=\toks35
\multlinegap=\skip52
\multlinetaggap=\skip53
\mathdisplay@stack=\toks36
LaTeX Info: Redefining \[ on input line 2844.
LaTeX Info: Redefining \] on input line 2845.
)
(/usr/local/texlive/2019/texmf-dist/tex/latex/amscls/amsthm.sty
Package: amsthm 2017/10/31 v2.20.4
\thm@style=\toks37
\thm@bodyfont=\toks38
\thm@headfont=\toks39
\thm@notefont=\toks40
\thm@headpunct=\toks41
\thm@preskip=\skip54
\thm@postskip=\skip55
\thm@headsep=\skip56
\dth@everypar=\toks42
)
\c@theorem=\count155
)
(/usr/local/texlive/2019/texmf-dist/tex/latex/beamer/beamerbasethemes.sty))
(/usr/local/texlive/2019/texmf-dist/tex/latex/beamer/beamerthemedefault.sty
(/usr/local/texlive/2019/texmf-dist/tex/latex/beamer/beamerfontthemedefault.sty
)
(/usr/local/texlive/2019/texmf-dist/tex/latex/beamer/beamercolorthemedefault.st
y)
(/usr/local/texlive/2019/texmf-dist/tex/latex/beamer/beamerinnerthemedefault.st
y
\beamer@dima=\dimen185
\beamer@dimb=\dimen186
)
(/usr/local/texlive/2019/texmf-dist/tex/latex/beamer/beamerouterthemedefault.st
y)))
(/usr/local/texlive/2019/texmf-dist/tex/latex/beamer/beamerthemeSingapore.sty
(/usr/local/texlive/2019/texmf-dist/tex/latex/beamer/beamerouterthememiniframes
.sty)) (/usr/local/texlive/2019/texmf-dist/tex/generic/babel/babel.sty
Package: babel 2019/04/03 3.29 The Babel package

(/usr/local/texlive/2019/texmf-dist/tex/generic/babel/switch.def
File: switch.def 2019/04/03 3.29 Babel switching mechanism
)
(/usr/local/texlive/2019/texmf-dist/tex/generic/babel-french/french.ldf
Language: french 2019/03/30 v3.5e French support from the babel system

(/usr/local/texlive/2019/texmf-dist/tex/generic/babel/babel.def
File: babel.def 2019/04/03 3.29 Babel common definitions
\babel@savecnt=\count156
\U@D=\dimen187

(/usr/local/texlive/2019/texmf-dist/tex/generic/babel/txtbabel.def)
LaTeX Info: Redefining \textlatin on input line 2011.
\bbl@dirlevel=\count157
)
\l@acadian = a dialect from \language\l@french 
\FB@nonchar=\count158
Package babel Info: Making : an active character on input line 414.
Package babel Info: Making ; an active character on input line 415.
Package babel Info: Making ! an active character on input line 416.
Package babel Info: Making ? an active character on input line 417.
\FBguill@level=\count159
\FBold@everypar=\toks43
\FB@Mht=\dimen188
\mc@charclass=\count160
\mc@charfam=\count161
\mc@charslot=\count162
\std@mcc=\count163
\dec@mcc=\count164
\c@FBcaption@count=\count165
\listindentFB=\dimen189
\descindentFB=\dimen190
\labelindentFB=\dimen191
\labelwidthFB=\dimen192
\leftmarginFB=\dimen193
\parindentFFN=\dimen194
\FBfnindent=\dimen195
))
(/usr/local/texlive/2019/texmf-dist/tex/latex/carlisle/scalefnt.sty)
Package french.ldf Info: No list customisation for the beamer class,
(french.ldf)             reported on input line 9.

(/usr/local/texlive/2019/texmf-dist/tex/latex/doublestroke/dsfont.sty
Package: dsfont 1995/08/01 v0.1 Double stroke roman fonts
)
(/usr/local/texlive/2019/texmf-dist/tex/latex/beamer/beamerfontthemeprofessiona
lfonts.sty) (/usr/local/texlive/2019/texmf-dist/tex/latex/oberdiek/epstopdf.sty
Package: epstopdf 2016/05/15 v2.6 Conversion with epstopdf on the fly (HO)
(/usr/local/texlive/2019/texmf-dist/tex/latex/oberdiek/epstopdf-base.sty
Package: epstopdf-base 2016/05/15 v2.6 Base part for package epstopdf

(/usr/local/texlive/2019/texmf-dist/tex/latex/oberdiek/grfext.sty
Package: grfext 2016/05/16 v1.2 Manage graphics extensions (HO)
)
Package epstopdf-base Info: Redefining graphics rule for `.eps' on input line 4
38.
Package grfext Info: Graphics extension search list:
(grfext)             [.pdf,.png,.jpg,.mps,.jpeg,.jbig2,.jb2,.PDF,.PNG,.JPG,.JPE
G,.JBIG2,.JB2,.eps]
(grfext)             \AppendGraphicsExtensions on input line 456.

(/usr/local/texlive/2019/texmf-dist/tex/latex/latexconfig/epstopdf-sys.cfg
File: epstopdf-sys.cfg 2010/07/13 v1.3 Configuration of (r)epstopdf for TeX Liv
e
)))
(/usr/local/texlive/2019/texmf-dist/tex/latex/subfig/subfig.sty
Package: subfig 2005/06/28 ver: 1.3 subfig package

(/usr/local/texlive/2019/texmf-dist/tex/latex/caption/caption.sty
Package: caption 2018/10/06 v3.3-154 Customizing captions (AR)

(/usr/local/texlive/2019/texmf-dist/tex/latex/caption/caption3.sty
Package: caption3 2018/09/12 v1.8c caption3 kernel (AR)
Package caption3 Info: TeX engine: e-TeX on input line 64.
\captionmargin=\dimen196
\captionmargin@=\dimen197
\captionwidth=\dimen198
\caption@tempdima=\dimen199
\caption@indent=\dimen256
\caption@parindent=\dimen257
\caption@hangindent=\dimen258
)
\c@caption@flags=\count166
\c@ContinuedFloat=\count167
Package caption Info: beamer document class.
Package caption Info: hyperref package is loaded.
Package caption Info: Hyperref support is turned off
(caption)             because hyperref has stopped early.
)
\c@KVtest=\count168
\sf@farskip=\skip57
\sf@captopadj=\dimen259
\sf@capskip=\skip58
\sf@nearskip=\skip59
\c@subfigure=\count169
\c@subfigure@save=\count170
\c@depth=\count171
\c@subtable=\count172
\c@subtable@save=\count173
\sf@top=\skip60
\sf@bottom=\skip61
)
(/usr/local/texlive/2019/texmf-dist/tex/latex/float/float.sty
Package: float 2001/11/08 v1.3d Float enhancements (AL)
\c@float@type=\count174
\float@exts=\toks44
\float@box=\box54
\@float@everytoks=\toks45
\@floatcapt=\box55
)
Package caption Info: We need package `newfloat' on input line 33.

(/usr/local/texlive/2019/texmf-dist/tex/latex/caption/newfloat.sty
Package: newfloat 2018/03/04 v1.1a Defining new floating environments (AR)
)
(/usr/local/texlive/2019/texmf-dist/tex/latex/booktabs/booktabs.sty
Package: booktabs 2016/04/27 v1.618033 publication quality tables
\heavyrulewidth=\dimen260
\lightrulewidth=\dimen261
\cmidrulewidth=\dimen262
\belowrulesep=\dimen263
\belowbottomsep=\dimen264
\aboverulesep=\dimen265
\abovetopsep=\dimen266
\cmidrulesep=\dimen267
\cmidrulekern=\dimen268
\defaultaddspace=\dimen269
\@cmidla=\count175
\@cmidlb=\count176
\@aboverulesep=\dimen270
\@belowrulesep=\dimen271
\@thisruleclass=\count177
\@lastruleclass=\count178
\@thisrulewidth=\dimen272
)
(/usr/local/texlive/2019/texmf-dist/tex/latex/tools/array.sty
Package: array 2018/12/30 v2.4k Tabular extension package (FMi)
\col@sep=\dimen273
\ar@mcellbox=\box56
\extrarowheight=\dimen274
\NC@list=\toks46
\extratabsurround=\skip62
\backup@length=\skip63
\ar@cellbox=\box57
)
(/usr/local/texlive/2019/texmf-dist/tex/latex/graphics/rotating.sty
Package: rotating 2016/08/11 v2.16d rotated objects in LaTeX

(/usr/local/texlive/2019/texmf-dist/tex/latex/base/ifthen.sty
Package: ifthen 2014/09/29 v1.1c Standard LaTeX ifthen package (DPC)
)
\c@r@tfl@t=\count179
\rotFPtop=\skip64
\rotFPbot=\skip65
\rot@float@box=\box58
\rot@mess@toks=\toks47
)
(/usr/local/texlive/2019/texmf-dist/tex/latex/tools/tabularx.sty
Package: tabularx 2016/02/03 v2.11b `tabularx' package (DPC)
\TX@col@width=\dimen275
\TX@old@table=\dimen276
\TX@old@col=\dimen277
\TX@target=\dimen278
\TX@delta=\dimen279
\TX@cols=\count180
\TX@ftn=\toks48
)
(/usr/local/texlive/2019/texmf-dist/tex/latex/textpos/textpos.sty
Package: textpos 2016/06/07 v1.8

Package: textpos 2016/06/07 1.8, absolute positioning of text on the page
\TP@textbox=\box59
\TP@holdbox=\box60
\TPHorizModule=\dimen280
\TPVertModule=\dimen281
\TP@margin=\dimen282
\TP@absmargin=\dimen283
Grid set 16 x 16 = 28.45274pt x 16.00467pt
\TPboxrulesize=\dimen284
\TP@ox=\dimen285
\TP@oy=\dimen286
\TP@tbargs=\toks49
\TP@prevdepth=\dimen287
TextBlockOrigin set to 0pt x 0pt
)
Package hyperref Info: Option `colorlinks' set `true' on input line 48.
Package hyperref Info: Option `bookmarksnumbered' set `true' on input line 48.
 (/usr/local/texlive/2019/texmf-dist/tex/latex/glossaries/base/glossaries.sty
Package: glossaries 2019/01/06 v4.42 (NLCT)

(/usr/local/texlive/2019/texmf-dist/tex/latex/xkeyval/xkeyval.sty
Package: xkeyval 2014/12/03 v2.7a package option processing (HA)

(/usr/local/texlive/2019/texmf-dist/tex/generic/xkeyval/xkeyval.tex
(/usr/local/texlive/2019/texmf-dist/tex/generic/xkeyval/xkvutils.tex
\XKV@toks=\toks50
\XKV@tempa@toks=\toks51
)
\XKV@depth=\count181
File: xkeyval.tex 2014/12/03 v2.7a key=value parser (HA)
))
(/usr/local/texlive/2019/texmf-dist/tex/latex/mfirstuc/mfirstuc.sty
Package: mfirstuc 2017/11/14 v2.06 (NLCT)
\@glsmfirst=\toks52
\@glsmrest=\toks53
)
(/usr/local/texlive/2019/texmf-dist/tex/latex/textcase/textcase.sty
Package: textcase 2004/10/07 v0.07 Text only upper/lower case changing (DPC)
)
(/usr/local/texlive/2019/texmf-dist/tex/latex/xfor/xfor.sty
Package: xfor 2009/02/05 v1.05 (NLCT)
)
(/usr/local/texlive/2019/texmf-dist/tex/latex/datatool/datatool-base.sty
Package: datatool-base 2018/12/07 v2.31 (NLCT)

(/usr/local/texlive/2019/texmf-dist/tex/latex/substr/substr.sty
Package: substr 2009/10/20 v1.2 Handle substrings
\c@su@anzahl=\count182
)
(/usr/local/texlive/2019/texmf-dist/tex/latex/datatool/datatool-fp.sty
Package: datatool-fp 2018/12/07 v2.31 (NLCT)

(/usr/local/texlive/2019/texmf-dist/tex/latex/fp/fp.sty
Package: fp 1995/04/02

`Fixed Point Package', Version 0.8, April 2, 1995 (C) Michael Mehlich
(/usr/local/texlive/2019/texmf-dist/tex/latex/fp/defpattern.sty
Package: defpattern 1994/10/12
\actioncount=\count183
)
(/usr/local/texlive/2019/texmf-dist/tex/latex/fp/fp-basic.sty
Package: fp-basic 1996/05/13
\FP@xs=\count184
\FP@xia=\count185
\FP@xib=\count186
\FP@xfa=\count187
\FP@xfb=\count188
\FP@rega=\count189
\FP@regb=\count190
\FP@regs=\count191
\FP@times=\count192
)
(/usr/local/texlive/2019/texmf-dist/tex/latex/fp/fp-addons.sty
Package: fp-addons 1995/03/15
)
(/usr/local/texlive/2019/texmf-dist/tex/latex/fp/fp-snap.sty
Package: fp-snap 1995/04/05
)
(/usr/local/texlive/2019/texmf-dist/tex/latex/fp/fp-exp.sty
Package: fp-exp 1995/04/03
)
(/usr/local/texlive/2019/texmf-dist/tex/latex/fp/fp-trigo.sty
Package: fp-trigo 1995/04/14
)
(/usr/local/texlive/2019/texmf-dist/tex/latex/fp/fp-pas.sty
Package: fp-pas 1994/08/29
)
(/usr/local/texlive/2019/texmf-dist/tex/latex/fp/fp-random.sty
Package: fp-random 1995/02/23
\FPseed=\count193
)
(/usr/local/texlive/2019/texmf-dist/tex/latex/fp/fp-eqn.sty
Package: fp-eqn 1995/04/03
)
(/usr/local/texlive/2019/texmf-dist/tex/latex/fp/fp-upn.sty
Package: fp-upn 1996/10/21
)
(/usr/local/texlive/2019/texmf-dist/tex/latex/fp/fp-eval.sty
Package: fp-eval 1995/04/03
)))
\@dtl@toks=\toks54
\@dtl@tmpcount=\count194
\dtl@tmplength=\skip66
\dtl@sortresult=\count195
\@dtl@numgrpsepcount=\count196
\@dtl@datatype=\count197
\dtl@codeA=\count198
\dtl@codeB=\count199
\@dtl@foreach@level=\count266
)
(/usr/local/texlive/2019/texmf-dist/tex/latex/glossaries/base/glossaries-compat
ible-307.sty
Package: glossaries-compatible-307 2019/01/06 v4.42 (NLCT)
)
(/usr/local/texlive/2019/texmf-dist/tex/latex/tracklang/tracklang.sty
Package: tracklang 2018/05/13 v1.3.6 (NLCT) Track Languages

(/usr/local/texlive/2019/texmf-dist/tex/generic/tracklang/tracklang.tex))
(/usr/local/texlive/2019/texmf-dist/tex/latex/glossaries-french/glossaries-fren
ch.ldf
File: glossaries-french.ldf 2016/12/12 v1.1
)
\gls@level=\count267
\@gls@tmpb=\toks55
\gls@tmplen=\skip67
\glskeylisttok=\toks56
\glslabeltok=\toks57
\glsshorttok=\toks58
\glslongtok=\toks59

(/usr/local/texlive/2019/texmf-dist/tex/latex/glossaries/styles/glossary-hypern
av.sty
Package: glossary-hypernav 2019/01/06 v4.42 (NLCT)
)
(/usr/local/texlive/2019/texmf-dist/tex/latex/glossaries/styles/glossary-list.s
ty
Package: glossary-list 2019/01/06 v4.42 (NLCT)
\glslistdottedwidth=\skip68
)
(/usr/local/texlive/2019/texmf-dist/tex/latex/glossaries/styles/glossary-long.s
ty
Package: glossary-long 2019/01/06 v4.42 (NLCT)
 (/usr/local/texlive/2019/texmf-dist/tex/latex/tools/longtable.sty
Package: longtable 2014/10/28 v4.11 Multi-page Table package (DPC)+ FMi change
\LTleft=\skip69
\LTright=\skip70
\LTpre=\skip71
\LTpost=\skip72
\LTchunksize=\count268
\LTcapwidth=\dimen288
\LT@head=\box61
\LT@firsthead=\box62
\LT@foot=\box63
\LT@lastfoot=\box64
\LT@cols=\count269
\LT@rows=\count270
\c@LT@tables=\count271
\c@LT@chunks=\count272
\LT@p@ftn=\toks60
)
\glsdescwidth=\skip73
\glspagelistwidth=\skip74
)
(/usr/local/texlive/2019/texmf-dist/tex/latex/glossaries/styles/glossary-super.
sty
Package: glossary-super 2019/01/06 v4.42 (NLCT)
 (/usr/local/texlive/2019/texmf-dist/tex/latex/supertabular/supertabular.sty
Package: supertabular 2004/02/20 v4.1e the supertabular environment
\c@tracingst=\count273
\ST@wd=\dimen289
\ST@rightskip=\skip75
\ST@leftskip=\skip76
\ST@parfillskip=\skip77
\ST@pageleft=\dimen290
\ST@headht=\dimen291
\ST@tailht=\dimen292
\ST@pagesofar=\dimen293
\ST@pboxht=\dimen294
\ST@lineht=\dimen295
\ST@stretchht=\dimen296
\ST@prevht=\dimen297
\ST@toadd=\dimen298
\ST@dimen=\dimen299
\ST@pbox=\box65
))
(/usr/local/texlive/2019/texmf-dist/tex/latex/glossaries/styles/glossary-tree.s
ty
Package: glossary-tree 2019/01/06 v4.42 (NLCT)
\glstreeindent=\skip78
))
\glswrite=\write5
\glo@main@file=\write6
\openout6 = `defense.glo'.

Package glossaries Info: Writing glossary file defense.glo on input line 52.
\glo@acronym@file=\write7
\openout7 = `defense.acn'.

Package glossaries Info: Writing glossary file defense.acn on input line 52.
 (../glossary.tex)
(/usr/local/texlive/2019/texmf-dist/tex/latex/animate/animate.sty
Package: animate 2019/03/06 PDF & SVG animations from files and inline graphics


(/usr/local/texlive/2019/texmf-dist/tex/latex/oberdiek/ifdraft.sty
Package: ifdraft 2016/05/16 v1.4 Detect class options draft and final (HO)
)
(/usr/local/texlive/2019/texmf-dist/tex/latex/tools/calc.sty
Package: calc 2017/05/25 v4.3 Infix arithmetic (KKT,FJ)
\calc@Acount=\count274
\calc@Bcount=\count275
\calc@Adimen=\dimen300
\calc@Bdimen=\dimen301
\calc@Askip=\skip79
\calc@Bskip=\skip80
LaTeX Info: Redefining \setlength on input line 80.
LaTeX Info: Redefining \addtolength on input line 81.
\calc@Ccount=\count276
\calc@Cskip=\skip81
)
(/usr/local/texlive/2019/texmf-dist/tex/latex/oberdiek/zref-abspage.sty
Package: zref-abspage 2018/11/21 v2.27 Module abspage for zref (HO)

(/usr/local/texlive/2019/texmf-dist/tex/latex/oberdiek/zref-base.sty
Package: zref-base 2018/11/21 v2.27 Module base for zref (HO)
Package zref Info: New property list: main on input line 759.
Package zref Info: New property: default on input line 760.
Package zref Info: New property: page on input line 761.
)
\c@abspage=\count277
Package zref Info: New property: abspage on input line 62.
)
(/usr/local/texlive/2019/texmf-dist/tex/latex/media9/pdfbase.sty
(/usr/local/texlive/2019/texmf-dist/tex/latex/l3kernel/expl3.sty
Package: expl3 2019-04-06 L3 programming layer (loader) 

(/usr/local/texlive/2019/texmf-dist/tex/latex/l3kernel/expl3-code.tex
Package: expl3 2019-04-06 L3 programming layer (code)
\c_max_int=\count278
\l_tmpa_int=\count279
\l_tmpb_int=\count280
\g_tmpa_int=\count281
\g_tmpb_int=\count282
\g__kernel_prg_map_int=\count283
\c__ior_term_ior=\count284
\c_log_iow=\count285
\l_iow_line_count_int=\count286
\l__iow_line_target_int=\count287
\l__iow_one_indent_int=\count288
\l__iow_indent_int=\count289
\c_zero_dim=\dimen302
\c_max_dim=\dimen303
\l_tmpa_dim=\dimen304
\l_tmpb_dim=\dimen305
\g_tmpa_dim=\dimen306
\g_tmpb_dim=\dimen307
\c_zero_skip=\skip82
\c_max_skip=\skip83
\l_tmpa_skip=\skip84
\l_tmpb_skip=\skip85
\g_tmpa_skip=\skip86
\g_tmpb_skip=\skip87
\c_zero_muskip=\muskip12
\c_max_muskip=\muskip13
\l_tmpa_muskip=\muskip14
\l_tmpb_muskip=\muskip15
\g_tmpa_muskip=\muskip16
\g_tmpb_muskip=\muskip17
\l_keys_choice_int=\count290
\l__intarray_loop_int=\count291
\c__intarray_sp_dim=\dimen308
\g__intarray_font_int=\count292
\c__fp_leading_shift_int=\count293
\c__fp_middle_shift_int=\count294
\c__fp_trailing_shift_int=\count295
\c__fp_big_leading_shift_int=\count296
\c__fp_big_middle_shift_int=\count297
\c__fp_big_trailing_shift_int=\count298
\c__fp_Bigg_leading_shift_int=\count299
\c__fp_Bigg_middle_shift_int=\count300
\c__fp_Bigg_trailing_shift_int=\count301
\c__kernel_randint_max_int=\count302
\g__fp_array_int=\count303
\l__fp_array_loop_int=\count304
\l__sort_length_int=\count305
\l__sort_min_int=\count306
\l__sort_top_int=\count307
\l__sort_max_int=\count308
\l__sort_true_max_int=\count309
\l__sort_block_int=\count310
\l__sort_begin_int=\count311
\l__sort_end_int=\count312
\l__sort_A_int=\count313
\l__sort_B_int=\count314
\l__sort_C_int=\count315
\l__tl_analysis_normal_int=\count316
\l__tl_analysis_index_int=\count317
\l__tl_analysis_nesting_int=\count318
\l__tl_analysis_type_int=\count319
\l__regex_internal_a_int=\count320
\l__regex_internal_b_int=\count321
\l__regex_internal_c_int=\count322
\l__regex_balance_int=\count323
\l__regex_group_level_int=\count324
\l__regex_mode_int=\count325
\c__regex_cs_in_class_mode_int=\count326
\c__regex_cs_mode_int=\count327
\l__regex_catcodes_int=\count328
\l__regex_default_catcodes_int=\count329
\c__regex_catcode_D_int=\count330
\c__regex_catcode_S_int=\count331
\c__regex_catcode_L_int=\count332
\c__regex_catcode_O_int=\count333
\c__regex_catcode_A_int=\count334
\c__regex_all_catcodes_int=\count335
\l__regex_show_lines_int=\count336
\l__regex_min_state_int=\count337
\l__regex_max_state_int=\count338
\l__regex_left_state_int=\count339
\l__regex_right_state_int=\count340
\l__regex_capturing_group_int=\count341
\l__regex_min_pos_int=\count342
\l__regex_max_pos_int=\count343
\l__regex_curr_pos_int=\count344
\l__regex_start_pos_int=\count345
\l__regex_success_pos_int=\count346
\l__regex_curr_char_int=\count347
\l__regex_curr_catcode_int=\count348
\l__regex_last_char_int=\count349
\l__regex_case_changed_char_int=\count350
\l__regex_curr_state_int=\count351
\l__regex_step_int=\count352
\l__regex_min_active_int=\count353
\l__regex_max_active_int=\count354
\l__regex_replacement_csnames_int=\count355
\l__regex_match_count_int=\count356
\l__regex_min_submatch_int=\count357
\l__regex_submatch_int=\count358
\l__regex_zeroth_submatch_int=\count359
\g__regex_trace_regex_int=\count360
\c_empty_box=\box66
\l_tmpa_box=\box67
\l_tmpb_box=\box68
\g_tmpa_box=\box69
\g_tmpb_box=\box70
\l__box_top_dim=\dimen309
\l__box_bottom_dim=\dimen310
\l__box_left_dim=\dimen311
\l__box_right_dim=\dimen312
\l__box_top_new_dim=\dimen313
\l__box_bottom_new_dim=\dimen314
\l__box_left_new_dim=\dimen315
\l__box_right_new_dim=\dimen316
\l__box_internal_box=\box71
\l__coffin_internal_box=\box72
\l__coffin_internal_dim=\dimen317
\l__coffin_offset_x_dim=\dimen318
\l__coffin_offset_y_dim=\dimen319
\l__coffin_x_dim=\dimen320
\l__coffin_y_dim=\dimen321
\l__coffin_x_prime_dim=\dimen322
\l__coffin_y_prime_dim=\dimen323
\c_empty_coffin=\box73
\l__coffin_aligned_coffin=\box74
\l__coffin_aligned_internal_coffin=\box75
\l_tmpa_coffin=\box76
\l_tmpb_coffin=\box77
\g_tmpa_coffin=\box78
\g_tmpb_coffin=\box79
\l__coffin_bounding_shift_dim=\dimen324
\l__coffin_left_corner_dim=\dimen325
\l__coffin_right_corner_dim=\dimen326
\l__coffin_bottom_corner_dim=\dimen327
\l__coffin_top_corner_dim=\dimen328
\l__coffin_scaled_total_height_dim=\dimen329
\l__coffin_scaled_width_dim=\dimen330
\c__coffin_empty_coffin=\box80
\l__coffin_display_coffin=\box81
\l__coffin_display_coord_coffin=\box82
\l__coffin_display_pole_coffin=\box83
\l__coffin_display_offset_dim=\dimen331
\l__coffin_display_x_dim=\dimen332
\l__coffin_display_y_dim=\dimen333
\g__file_internal_ior=\read2
\l__seq_internal_a_int=\count361
\l__seq_internal_b_int=\count362
\c__deprecation_minus_one=\count363
)
(/usr/local/texlive/2019/texmf-dist/tex/latex/l3kernel/l3pdfmode.def
File: l3pdfmode.def 2019-04-06 v L3 Experimental driver: PDF mode
\l__driver_color_stack_int=\count364
))
(/usr/local/texlive/2019/texmf-dist/tex/latex/l3packages/l3keys2e/l3keys2e.sty
Package: l3keys2e 2019-03-05 LaTeX2e option processing using LaTeX3 keys
)
Package: pdfbase 2019/02/21 v0.27 driver independent access to low-level PDF fe
atures
\g_pbs_page_int=\count365
\g_pbs_oc_int=\count366
) (/usr/local/texlive/2019/texmf-dist/tex/latex/ocgx2/ocgbase.sty
Package: ocgbase 2018/06/07 v0.14 support package for ocgx2.sty
\g_ocgbase_nd_int=\count367
)
\@anim@box=\box84
\@anim@measbox=\box85
\@anim@tmpdima=\dimen334
\@anim@tmpdimb=\dimen335
\@anim@num=\count368
\@anim@curframe=\count369
\@anim@curframe@zb=\count370
\@anim@resizeflags=\count371
\@anim@skipfram=\count372
\@anim@mulframecnt=\count373
\@anim@@tmlnfile=\read3
\@anim@tmpcnt=\count374
\c@@anim@ltxcnt=\count375
\@anim@curlayer=\count376
\@anim@lineno=\count377
\@anim@curfield=\count378
\@anim@@resizeflags=\count379
)
(/usr/local/texlive/2019/texmf-dist/tex/latex/pgf/frontendlayer/tikz.sty
(/usr/local/texlive/2019/texmf-dist/tex/latex/pgf/basiclayer/pgf.sty
Package: pgf 2019/02/02 v3.1.1 (3.1.1)

(/usr/local/texlive/2019/texmf-dist/tex/generic/pgf/modules/pgfmoduleshapes.cod
e.tex
File: pgfmoduleshapes.code.tex 2019/02/02 v3.1.1 (3.1.1)
\pgfnodeparttextbox=\box86
)
(/usr/local/texlive/2019/texmf-dist/tex/generic/pgf/modules/pgfmoduleplot.code.
tex
File: pgfmoduleplot.code.tex 2019/02/02 v3.1.1 (3.1.1)
)
(/usr/local/texlive/2019/texmf-dist/tex/latex/pgf/compatibility/pgfcomp-version
-0-65.sty
Package: pgfcomp-version-0-65 2019/02/02 v3.1.1 (3.1.1)
\pgf@nodesepstart=\dimen336
\pgf@nodesepend=\dimen337
)
(/usr/local/texlive/2019/texmf-dist/tex/latex/pgf/compatibility/pgfcomp-version
-1-18.sty
Package: pgfcomp-version-1-18 2019/02/02 v3.1.1 (3.1.1)
))
(/usr/local/texlive/2019/texmf-dist/tex/latex/pgf/utilities/pgffor.sty
(/usr/local/texlive/2019/texmf-dist/tex/latex/pgf/utilities/pgfkeys.sty
(/usr/local/texlive/2019/texmf-dist/tex/generic/pgf/utilities/pgfkeys.code.tex)
) (/usr/local/texlive/2019/texmf-dist/tex/latex/pgf/math/pgfmath.sty
(/usr/local/texlive/2019/texmf-dist/tex/generic/pgf/math/pgfmath.code.tex))
(/usr/local/texlive/2019/texmf-dist/tex/generic/pgf/utilities/pgffor.code.tex
Package: pgffor 2019/02/02 v3.1.1 (3.1.1)

(/usr/local/texlive/2019/texmf-dist/tex/generic/pgf/math/pgfmath.code.tex)
\pgffor@iter=\dimen338
\pgffor@skip=\dimen339
\pgffor@stack=\toks61
\pgffor@toks=\toks62
))
(/usr/local/texlive/2019/texmf-dist/tex/generic/pgf/frontendlayer/tikz/tikz.cod
e.tex
Package: tikz 2019/02/02 v3.1.1 (3.1.1)

(/usr/local/texlive/2019/texmf-dist/tex/generic/pgf/libraries/pgflibraryplothan
dlers.code.tex
File: pgflibraryplothandlers.code.tex 2019/02/02 v3.1.1 (3.1.1)
\pgf@plot@mark@count=\count380
\pgfplotmarksize=\dimen340
)
\tikz@lastx=\dimen341
\tikz@lasty=\dimen342
\tikz@lastxsaved=\dimen343
\tikz@lastysaved=\dimen344
\tikzleveldistance=\dimen345
\tikzsiblingdistance=\dimen346
\tikz@figbox=\box87
\tikz@figbox@bg=\box88
\tikz@tempbox=\box89
\tikz@tempbox@bg=\box90
\tikztreelevel=\count381
\tikznumberofchildren=\count382
\tikznumberofcurrentchild=\count383
\tikz@fig@count=\count384

(/usr/local/texlive/2019/texmf-dist/tex/generic/pgf/modules/pgfmodulematrix.cod
e.tex
File: pgfmodulematrix.code.tex 2019/02/02 v3.1.1 (3.1.1)
\pgfmatrixcurrentrow=\count385
\pgfmatrixcurrentcolumn=\count386
\pgf@matrix@numberofcolumns=\count387
)
\tikz@expandcount=\count388

(/usr/local/texlive/2019/texmf-dist/tex/generic/pgf/frontendlayer/tikz/librarie
s/tikzlibrarytopaths.code.tex
File: tikzlibrarytopaths.code.tex 2019/02/02 v3.1.1 (3.1.1)
)))
(/usr/local/texlive/2019/texmf-dist/tex/generic/pgf/frontendlayer/tikz/librarie
s/tikzlibrarypositioning.code.tex
File: tikzlibrarypositioning.code.tex 2019/02/02 v3.1.1 (3.1.1)
)
(/usr/local/texlive/2019/texmf-dist/tex/generic/pgf/frontendlayer/tikz/librarie
s/tikzlibrarysnakes.code.tex
File: tikzlibrarysnakes.code.tex 2019/02/02 v3.1.1 (3.1.1)


Package pgf Warning: Snakes have been superseded by decorations. Please use the
 decoration libraries instead of the snakes library on input line 14.


(/usr/local/texlive/2019/texmf-dist/tex/generic/pgf/frontendlayer/tikz/librarie
s/tikzlibrarydecorations.pathmorphing.code.tex
(/usr/local/texlive/2019/texmf-dist/tex/generic/pgf/frontendlayer/tikz/librarie
s/tikzlibrarydecorations.code.tex
(/usr/local/texlive/2019/texmf-dist/tex/generic/pgf/modules/pgfmoduledecoration
s.code.tex
\pgfdecoratedcompleteddistance=\dimen347
\pgfdecoratedremainingdistance=\dimen348
\pgfdecoratedinputsegmentcompleteddistance=\dimen349
\pgfdecoratedinputsegmentremainingdistance=\dimen350
\pgf@decorate@distancetomove=\dimen351
\pgf@decorate@repeatstate=\count389
\pgfdecorationsegmentamplitude=\dimen352
\pgfdecorationsegmentlength=\dimen353
)
\tikz@lib@dec@box=\box91
)
(/usr/local/texlive/2019/texmf-dist/tex/generic/pgf/libraries/decorations/pgfli
brarydecorations.pathmorphing.code.tex))
(/usr/local/texlive/2019/texmf-dist/tex/generic/pgf/frontendlayer/tikz/librarie
s/tikzlibrarydecorations.pathreplacing.code.tex
(/usr/local/texlive/2019/texmf-dist/tex/generic/pgf/libraries/decorations/pgfli
brarydecorations.pathreplacing.code.tex))
(/usr/local/texlive/2019/texmf-dist/tex/generic/pgf/frontendlayer/tikz/librarie
s/tikzlibrarydecorations.shapes.code.tex
(/usr/local/texlive/2019/texmf-dist/tex/generic/pgf/libraries/decorations/pgfli
brarydecorations.shapes.code.tex))) (./defense.aux)
\openout1 = `defense.aux'.

LaTeX Font Info:    Checking defaults for OML/cmm/m/it on input line 108.
LaTeX Font Info:    ... okay on input line 108.
LaTeX Font Info:    Checking defaults for T1/cmr/m/n on input line 108.
LaTeX Font Info:    ... okay on input line 108.
LaTeX Font Info:    Checking defaults for OT1/cmr/m/n on input line 108.
LaTeX Font Info:    ... okay on input line 108.
LaTeX Font Info:    Checking defaults for OMS/cmsy/m/n on input line 108.
LaTeX Font Info:    ... okay on input line 108.
LaTeX Font Info:    Checking defaults for OMX/cmex/m/n on input line 108.
LaTeX Font Info:    ... okay on input line 108.
LaTeX Font Info:    Checking defaults for U/cmr/m/n on input line 108.
LaTeX Font Info:    ... okay on input line 108.
LaTeX Font Info:    Checking defaults for PD1/pdf/m/n on input line 108.
LaTeX Font Info:    ... okay on input line 108.

*geometry* driver: auto-detecting
*geometry* detected driver: pdftex
*geometry* verbose mode - [ preamble ] result:
* driver: pdftex
* paper: custom
* layout: <same size as paper>
* layoutoffset:(h,v)=(0.0pt,0.0pt)
* modes: includehead includefoot 
* h-part:(L,W,R)=(28.45274pt, 398.3386pt, 28.45274pt)
* v-part:(T,H,B)=(0.0pt, 256.0748pt, 0.0pt)
* \paperwidth=455.24408pt
* \paperheight=256.0748pt
* \textwidth=398.3386pt
* \textheight=227.62207pt
* \oddsidemargin=-43.81725pt
* \evensidemargin=-43.81725pt
* \topmargin=-72.26999pt
* \headheight=14.22636pt
* \headsep=0.0pt
* \topskip=10.0pt
* \footskip=14.22636pt
* \marginparwidth=3.0pt
* \marginparsep=11.0pt
* \columnsep=10.0pt
* \skip\footins=9.0pt plus 4.0pt minus 2.0pt
* \hoffset=0.0pt
* \voffset=0.0pt
* \mag=1000
* \@twocolumnfalse
* \@twosidefalse
* \@mparswitchfalse
* \@reversemarginfalse
* (1in=72.27pt=25.4mm, 1cm=28.453pt)

(/usr/local/texlive/2019/texmf-dist/tex/context/base/mkii/supp-pdf.mkii
[Loading MPS to PDF converter (version 2006.09.02).]
\scratchcounter=\count390
\scratchdimen=\dimen354
\scratchbox=\box92
\nofMPsegments=\count391
\nofMParguments=\count392
\everyMPshowfont=\toks63
\MPscratchCnt=\count393
\MPscratchDim=\dimen355
\MPnumerator=\count394
\makeMPintoPDFobject=\count395
\everyMPtoPDFconversion=\toks64
) ABD: EveryShipout initializing macros
\AtBeginShipoutBox=\box93
Package hyperref Info: Link coloring ON on input line 108.

(/usr/local/texlive/2019/texmf-dist/tex/latex/hyperref/nameref.sty
Package: nameref 2016/05/21 v2.44 Cross-referencing by name of section

(/usr/local/texlive/2019/texmf-dist/tex/generic/oberdiek/gettitlestring.sty
Package: gettitlestring 2016/05/16 v1.5 Cleanup title references (HO)
)
\c@section@level=\count396
)
LaTeX Info: Redefining \ref on input line 108.
LaTeX Info: Redefining \pageref on input line 108.
LaTeX Info: Redefining \nameref on input line 108.

(./defense.out) (./defense.out)
\@outlinefile=\write8
\openout8 = `defense.out'.


(/usr/local/texlive/2019/texmf-dist/tex/latex/translator/translator-basic-dicti
onary-English.dict
Dictionary: translator-basic-dictionary, Language: English 
)
(/usr/local/texlive/2019/texmf-dist/tex/latex/translator/translator-bibliograph
y-dictionary-English.dict
Dictionary: translator-bibliography-dictionary, Language: English 
)
(/usr/local/texlive/2019/texmf-dist/tex/latex/translator/translator-environment
-dictionary-English.dict
Dictionary: translator-environment-dictionary, Language: English 
)
(/usr/local/texlive/2019/texmf-dist/tex/latex/translator/translator-months-dict
ionary-English.dict
Dictionary: translator-months-dictionary, Language: English 
)
(/usr/local/texlive/2019/texmf-dist/tex/latex/translator/translator-numbers-dic
tionary-English.dict
Dictionary: translator-numbers-dictionary, Language: English 
)
(/usr/local/texlive/2019/texmf-dist/tex/latex/translator/translator-theorem-dic
tionary-English.dict
Dictionary: translator-theorem-dictionary, Language: English 
)
LaTeX Info: Redefining \degres on input line 108.
LaTeX Info: Redefining \dots on input line 108.
LaTeX Info: Redefining \up on input line 108.


Package french.ldf Warning: OT1 encoding should not be used for French.
(french.ldf)                Add \usepackage[T1]{fontenc} to the preamble
(french.ldf)                of your document; reported on input line 108.

Package caption Info: Begin \AtBeginDocument code.
Package caption Info: subfig package v1.3 is loaded.
Package caption Info: float package is loaded.
Package caption Info: longtable package is loaded.
(/usr/local/texlive/2019/texmf-dist/tex/latex/caption/ltcaption.sty
Package: ltcaption 2018/08/26 v1.4-95 longtable captions (AR)
)
Package caption Info: rotating package is loaded.
Package caption Info: supertabular package is loaded.
Package caption Info: End \AtBeginDocument code.

(./defense.nav)
<ustm_logo.png, id=75, 192.72pt x 192.72pt>
File: ustm_logo.png Graphic file (type png)
<use ustm_logo.png>
Package pdftex.def Info: ustm_logo.png  used on input line 112.
(pdftex.def)             Requested size: 53.96123pt x 53.96123pt.
<ed-sfa_logo.jpg, id=77, 81.1395pt x 53.874pt>
File: ed-sfa_logo.jpg Graphic file (type jpg)
<use ed-sfa_logo.jpg>
Package pdftex.def Info: ed-sfa_logo.jpg  used on input line 112.
(pdftex.def)             Requested size: 121.70892pt x 80.81076pt.
 [1{/usr/local/texlive/2019/texmf-var/fonts/map/pdftex/updmap/pdftex.map}

\openout5 = `defense.ist'.

 <./ustm_logo.png> <./ed-sfa_logo.jpg>] (./overview.tex
LaTeX Font Info:    Try loading font information for U+msa on input line 108.

(/usr/local/texlive/2019/texmf-dist/tex/latex/amsfonts/umsa.fd
File: umsa.fd 2013/01/14 v3.01 AMS symbols A
)
LaTeX Font Info:    Try loading font information for U+msb on input line 108.

(/usr/local/texlive/2019/texmf-dist/tex/latex/amsfonts/umsb.fd
File: umsb.fd 2013/01/14 v3.01 AMS symbols B
)
Overfull \hbox (30.87762pt too wide) in paragraph at lines 108--108
[][]  
 []

[2

]
Package epstopdf Info: Source file: <../figures/chap2/pulse_length_evol.eps>
(epstopdf)                    date: 2020-06-23 19:46:10
(epstopdf)                    size: 109412 bytes
(epstopdf)             Output file: <../figures/converted_figs/pulse_length_evo
l-eps-converted-to.pdf>
(epstopdf)                    date: 2020-12-20 10:03:31
(epstopdf)                    size: 10413 bytes
(epstopdf)             Command: <repstopdf --outfile=../figures/converted_figs/
pulse_length_evol-eps-converted-to.pdf ../figures/chap2/pulse_length_evol.eps>
(epstopdf)             \includegraphics on input line 166.
Package epstopdf Info: Output file is already uptodate.


pdfTeX warning: pdflatex (file ../figures/converted_figs/pulse_length_evol-eps-
converted-to.pdf): PDF inclusion: found PDF version <1.7>, but at most version 
<1.5> allowed
<../figures/converted_figs/pulse_length_evol-eps-converted-to.pdf, id=252, 436.
63126pt x 266.9975pt>
File: ../figures/converted_figs/pulse_length_evol-eps-converted-to.pdf Graphic 
file (type pdf)
<use ../figures/converted_figs/pulse_length_evol-eps-converted-to.pdf>
Package pdftex.def Info: ../figures/converted_figs/pulse_length_evol-eps-conver
ted-to.pdf  used on input line 166.
(pdftex.def)             Requested size: 152.82323pt x 93.45052pt.
Package epstopdf Info: Source file: <../figures/chap2/theoretical_intensity.eps
>
(epstopdf)                    date: 2020-06-22 13:50:03
(epstopdf)                    size: 19145 bytes
(epstopdf)             Output file: <../figures/converted_figs/theoretical_inte
nsity-eps-converted-to.pdf>
(epstopdf)                    date: 2020-12-20 10:03:25
(epstopdf)                    size: 7975 bytes
(epstopdf)             Command: <repstopdf --outfile=../figures/converted_figs/
theoretical_intensity-eps-converted-to.pdf ../figures/chap2/theoretical_intensi
ty.eps>
(epstopdf)             \includegraphics on input line 166.
Package epstopdf Info: Output file is already uptodate.


pdfTeX warning: pdflatex (file ../figures/converted_figs/theoretical_intensity-
eps-converted-to.pdf): PDF inclusion: found PDF version <1.7>, but at most vers
ion <1.5> allowed
<../figures/converted_figs/theoretical_intensity-eps-converted-to.pdf, id=253, 
424.58624pt x 251.94125pt>
File: ../figures/converted_figs/theoretical_intensity-eps-converted-to.pdf Grap
hic file (type pdf)
<use ../figures/converted_figs/theoretical_intensity-eps-converted-to.pdf>
Package pdftex.def Info: ../figures/converted_figs/theoretical_intensity-eps-co
nverted-to.pdf  used on input line 166.
(pdftex.def)             Requested size: 148.6074pt x 88.18076pt.
[3

 <../figures/converted_figs/pulse_length_evol-eps-converted-to.pdf> <../figures
/converted_figs/theoretical_intensity-eps-converted-to.pdf>]
Package epstopdf Info: Source file: <../figures/chap2/dip_app_limits.eps>
(epstopdf)                    date: 2020-06-21 00:47:24
(epstopdf)                    size: 53027 bytes
(epstopdf)             Output file: <../figures/converted_figs/dip_app_limits-e
ps-converted-to.pdf>
(epstopdf)                    date: 2020-12-20 10:03:34
(epstopdf)                    size: 10165 bytes
(epstopdf)             Command: <repstopdf --outfile=../figures/converted_figs/
dip_app_limits-eps-converted-to.pdf ../figures/chap2/dip_app_limits.eps>
(epstopdf)             \includegraphics on input line 208.
Package epstopdf Info: Output file is already uptodate.


pdfTeX warning: pdflatex (file ../figures/converted_figs/dip_app_limits-eps-con
verted-to.pdf): PDF inclusion: found PDF version <1.7>, but at most version <1.
5> allowed
<../figures/converted_figs/dip_app_limits-eps-converted-to.pdf, id=333, 582.175
pt x 432.61626pt>
File: ../figures/converted_figs/dip_app_limits-eps-converted-to.pdf Graphic fil
e (type pdf)
<use ../figures/converted_figs/dip_app_limits-eps-converted-to.pdf>
Package pdftex.def Info: ../figures/converted_figs/dip_app_limits-eps-converted
-to.pdf  used on input line 208.
(pdftex.def)             Requested size: 192.11835pt x 142.76381pt.
[4

 <../figures/converted_figs/dip_app_limits-eps-converted-to.pdf>])
(./generality.tex [5

]
Overfull \hbox (5.15382pt too wide) detected at line 136
[]
 []


Overfull \hbox (94.87529pt too wide) detected at line 136
[]
 []


Overfull \hbox (137.9835pt too wide) detected at line 136
[]
 []


Overfull \hbox (21.85211pt too wide) detected at line 136
[] \OMS/cmsy/m/n/8 ^^A [] ^^\ \OML/cmm/m/it/8 !t  \OT1/cmr/m/n/8 =[]\OMS/cmsy/m
/n/8 )  []\OT1/cmr/m/n/8 (\OML/cmm/m/it/8 t\OT1/cmr/m/n/8 ) = \OML/cmm/m/it/8 A
[]\OT1/cmr/m/n/8 (\OML/cmm/m/it/8 t\OT1/cmr/m/n/8 )[] [](\OML/cmm/m/it/8 !t \OT
1/cmr/m/n/8 + \OML/cmm/m/it/8 ^^^\OT1/cmr/m/n/8 )\OML/cmm/m/it/8 :
 []

[6

]
Overfull \hbox (58.09702pt too wide) detected at line 189
[]
 []

[7

]
Overfull \hbox (26.52655pt too wide) in paragraph at lines 340--340
 [] 
 []


Overfull \hbox (73.9263pt too wide) in paragraph at lines 340--340
 [] 
 []

[8

]) (./model.tex [9

]
Package epstopdf Info: Source file: <../figures/chap3/sturm_conf_variation_kapp
a.eps>
(epstopdf)                    date: 2020-12-27 05:55:40
(epstopdf)                    size: 100455 bytes
(epstopdf)             Output file: <../figures/converted_figs/sturm_conf_varia
tion_kappa-eps-converted-to.pdf>
(epstopdf)                    date: 2020-12-27 05:55:45
(epstopdf)                    size: 40130 bytes
(epstopdf)             Command: <repstopdf --outfile=../figures/converted_figs/
sturm_conf_variation_kappa-eps-converted-to.pdf ../figures/chap3/sturm_conf_var
iation_kappa.eps>
(epstopdf)             \includegraphics on input line 83.
Package epstopdf Info: Output file is already uptodate.


pdfTeX warning: pdflatex (file ../figures/converted_figs/sturm_conf_variation_k
appa-eps-converted-to.pdf): PDF inclusion: found PDF version <1.7>, but at most
 version <1.5> allowed
<../figures/converted_figs/sturm_conf_variation_kappa-eps-converted-to.pdf, id=
750, 616.3025pt x 474.77374pt>
File: ../figures/converted_figs/sturm_conf_variation_kappa-eps-converted-to.pdf
 Graphic file (type pdf)
<use ../figures/converted_figs/sturm_conf_variation_kappa-eps-converted-to.pdf>

Package pdftex.def Info: ../figures/converted_figs/sturm_conf_variation_kappa-e
ps-converted-to.pdf  used on input line 83.
(pdftex.def)             Requested size: 184.89217pt x 142.43321pt.

Overfull \hbox (174.89217pt too wide) in paragraph at lines 83--83
[][]  
 []


Overfull \hbox (228.00587pt too wide) detected at line 83
[]
 []


Overfull \hbox (176.33131pt too wide) detected at line 83
[]
 []


Overfull \hbox (189.74966pt too wide) detected at line 83
[]
 []

[10

 <../figures/converted_figs/sturm_conf_variation_kappa-eps-converted-to.pdf>]
Package epstopdf Info: Source file: <../figures/chap3/sturm_mom_variation_kappa
.eps>
(epstopdf)                    date: 2020-12-27 06:08:50
(epstopdf)                    size: 97903 bytes
(epstopdf)             Output file: <../figures/converted_figs/sturm_mom_variat
ion_kappa-eps-converted-to.pdf>
(epstopdf)                    date: 2020-12-27 06:08:55
(epstopdf)                    size: 41550 bytes
(epstopdf)             Command: <repstopdf --outfile=../figures/converted_figs/
sturm_mom_variation_kappa-eps-converted-to.pdf ../figures/chap3/sturm_mom_varia
tion_kappa.eps>
(epstopdf)             \includegraphics on input line 164.
Package epstopdf Info: Output file is already uptodate.


pdfTeX warning: pdflatex (file ../figures/converted_figs/sturm_mom_variation_ka
ppa-eps-converted-to.pdf): PDF inclusion: found PDF version <1.7>, but at most 
version <1.5> allowed
<../figures/converted_figs/sturm_mom_variation_kappa-eps-converted-to.pdf, id=8
22, 616.3025pt x 474.77374pt>
File: ../figures/converted_figs/sturm_mom_variation_kappa-eps-converted-to.pdf 
Graphic file (type pdf)
<use ../figures/converted_figs/sturm_mom_variation_kappa-eps-converted-to.pdf>
Package pdftex.def Info: ../figures/converted_figs/sturm_mom_variation_kappa-ep
s-converted-to.pdf  used on input line 164.
(pdftex.def)             Requested size: 184.89217pt x 142.43321pt.

Overfull \hbox (174.89217pt too wide) in paragraph at lines 164--164
[][]  
 []


Overfull \hbox (195.37552pt too wide) detected at line 164
[]
 []


Overfull \hbox (240.94533pt too wide) detected at line 164
[]
 []


Overfull \hbox (232.86517pt too wide) detected at line 164
[]
 []

[11

 <../figures/converted_figs/sturm_mom_variation_kappa-eps-converted-to.pdf>]
Overfull \hbox (121.49883pt too wide) detected at line 256
[] \OML/cmm/m/it/8 '\OT1/cmr/m/n/8 ([]) = 0\OML/cmm/m/it/8 ;  '\OT1/cmr/m/n/8 (
[]) = [] \OML/cmm/m/it/8 c[][]S[]\OT1/cmr/m/n/8 (\OML/cmm/m/it/8 r\OT1/cmr/m/n/
8 )\OML/cmm/m/it/8 Y[]\OT1/cmr/m/n/8 ([])\OML/cmm/m/it/8 ;  ^^T \OT1/cmr/m/n/8 
= []\OML/cmm/m/it/8 ;[] [][]
 []


Overfull \hbox (118.85597pt too wide) detected at line 256
[]
 []


Overfull \hbox (243.12532pt too wide) detected at line 256
[] \OT1/cmr/m/n/8 = [] [] [] [][]([])[]([])\OML/cmm/m/it/8 ;   []\OT1/cmr/m/n/8
 ([]) = []^^H[]([])\OML/cmm/m/it/8 ;
 []


Overfull \hbox (141.832pt too wide) detected at line 256
[] \OML/cmm/m/it/9  \OT1/cmr/m/n/9 ([]) \OMS/cmsy/m/n/9 ^^@ [] [][]\OT1/cmr/m/n
/9 ([]) [] \OML/cmm/m/it/9 d[][]\OT1/cmr/m/n/9 ([])\OML/cmm/m/it/9  \OT1/cmr/m/
n/9 ([]) = 0\OML/cmm/m/it/9 :
 []

[12

]
Overfull \hbox (48.6448pt too wide) detected at line 334
\OT1/cmr/bx/n/8 H[]	 \OT1/cmr/m/n/8 = \OML/cmm/m/it/8 E\OT1/cmr/bx/n/8 S	\OML/c
mm/m/it/8 ;
 []


Overfull \hbox (193.56888pt too wide) detected at line 334
[]
 []


Overfull \hbox (377.17917pt too wide) detected at line 334
[]
 []

[13

]
Overfull \hbox (152.66881pt too wide) detected at line 389
\OT1/cmr/bx/n/8 H \OT1/cmr/m/n/8 = \OT1/cmr/bx/n/8 H[] \OT1/cmr/m/n/8 + \OT1/cm
r/bx/n/8 H[]  \OML/cmm/m/it/8 H[]\OT1/cmr/m/n/8 (\OML/cmm/m/it/8 t\OT1/cmr/m/n/
8 ) = \OML/cmm/m/it/8 A\OT1/cmr/m/n/8 (\OML/cmm/m/it/8 t\OT1/cmr/m/n/8 ) \OMS/c
msy/m/n/8 ^^A \OML/cmm/m/it/8 p[];
 []


Overfull \hbox (380.65857pt too wide) detected at line 389
[]
 []


Overfull \hbox (367.65959pt too wide) detected at line 389
[]
 []

[14

]

LaTeX Font Warning: Command \footnotesize invalid in math mode on input line 46
0.


Overfull \hbox (17.65355pt too wide) detected at line 460
[] \OT1/cmr/m/n/8 = \OT1/cmr/bx/n/8 U[]H U\OML/cmm/m/it/8 ;  [] \OT1/cmr/m/n/8 
= \OT1/cmr/bx/n/8 U[]C
 []

LaTeX Font Info:    Try loading font information for U+dsrom on input line 460.

(/usr/local/texlive/2019/texmf-dist/tex/latex/doublestroke/Udsrom.fd
File: Udsrom.fd 1995/08/01 v0.1 Double stroke roman font definitions
)
Overfull \hbox (87.2932pt too wide) detected at line 460
[]\OT1/cmr/m/n/8 (\OML/cmm/m/it/8 t \OT1/cmr/m/n/8 + ^^A\OML/cmm/m/it/8 t\OT1/c
mr/m/n/8 ) \OMS/cmsy/m/n/8 ^^X [][]\OT1/cmr/m/n/8 (\OML/cmm/m/it/8 t\OT1/cmr/m/
n/8 )  =[]\OMS/cmsy/m/n/8 )  []\OT1/cmr/m/n/8 (\OML/cmm/m/it/8 t \OT1/cmr/m/n/8
 + ^^A\OML/cmm/m/it/8 t\OT1/cmr/m/n/8 ) \OMS/cmsy/m/n/8 ^^X \OT1/cmr/m/n/8 ([] 
+ \OML/cmm/m/it/8 ^^X[]\OT1/cmr/m/n/8 )[]\OT1/cmr/bx/n/8 ^^H\OML/cmm/m/it/8 ;  
^^X \OT1/cmr/m/n/8 = \OML/cmm/m/it/8 i[]
 []


Overfull \hbox (222.4808pt too wide) detected at line 460
\U/dsrom/m/n/8 1 \OT1/cmr/m/n/8 + \OML/cmm/m/it/8 ^^X[] \OT1/cmr/m/n/8 = [] + [
]\OML/cmm/m/it/8 ;  [] \OT1/cmr/m/n/8 = \U/dsrom/m/n/8 1 \OT1/cmr/m/n/8 + \OML/
cmm/m/it/8 ^^X[];  [] \OT1/cmr/m/n/8 = \OML/cmm/m/it/8 ^^X[];
 []


Overfull \hbox (321.59454pt too wide) detected at line 460
[]\OT1/cmr/m/n/8 (\OML/cmm/m/it/8 t \OT1/cmr/m/n/8 + ^^A\OML/cmm/m/it/8 t\OT1/c
mr/m/n/8 ) = [][]\U/dsrom/m/n/8 1 \OMS/cmsy/m/n/8 ^^@ [][] \OT1/cmr/m/n/8 + [][
] + [] [][][][]\OT1/cmr/bx/n/8 ^^H\OML/cmm/m/it/8 ;   [][]\OT1/cmr/m/n/8 (\OML/
cmm/m/it/8 t \OT1/cmr/m/n/8 + ^^A\OML/cmm/m/it/8 t\OT1/cmr/m/n/8 )[] \OMS/cmsy/
m/n/8 ^^@ \OT1/cmr/m/n/8 1 \U/msa/m/n/8 6 \OML/cmm/m/it/8 "
 []

[15

]

LaTeX Font Warning: Command \footnotesize invalid in math mode on input line 57
5.


Overfull \hbox (0.85828pt too wide) detected at line 575
[][] [] \OT1/cmr/m/n/8 = [] \OML/cmm/m/it/8 d[]c[]\OT1/cmr/m/n/8 (\OML/cmm/m/it
/8 t\OT1/cmr/m/n/8 ) [] \OML/cmm/m/it/8 ;  \OMS/cmsy/m/n/8 P\OT1/cmr/m/n/8 (\OM
L/cmm/m/it/8 t\OT1/cmr/m/n/8 ) = 1 \OMS/cmsy/m/n/8 ^^@ [] \OML/cmm/m/it/8 d[]\O
T1/cmr/m/n/8 (\OML/cmm/m/it/8 t\OT1/cmr/m/n/8 )\OML/cmm/m/it/8 ;[]
 []


Overfull \hbox (86.46954pt too wide) detected at line 575
\OT1/cmr/m/n/8 ^^H[]([]) = [] \OML/cmm/m/it/8 d[]\OT1/cmr/m/n/8 ^^H[]([])\OML/c
mm/m/it/8 :
 []


Overfull \hbox (70.20427pt too wide) detected at line 575
[]
 []

[16

]) (./results.tex [17

] (../tables/tab_eigval_l3_n100_1200_k03_beam.txt)
(../tables/tab_wavfun_nl_beam.txt)
Overfull \hbox (136.97815pt too wide) detected at line 78
\OML/cmm/m/it/5 ^^T[] \OT1/cmr/m/n/5 = \OML/cmm/m/it/5 Z=n;  ^^T \OT1/cmr/m/n/5
 = 0\OML/cmm/m/it/5 :\OT1/cmr/m/n/5 3\OML/cmm/m/it/5 ;  n[] \OT1/cmr/m/n/5 = 12
00\OML/cmm/m/it/5 ;  `[] \OT1/cmr/m/n/5 = 3
 []

[18

] (../tables/tab_oscstr_conf_mom_beam.txt
Overfull \hbox (6.12021pt too wide) in paragraph at lines 7--203
 [] 
 []

) (../tables/tab_polarizab.txt) [19

]

LaTeX Warning: File `../figures/fig6.eps' not found on input line 202.

Package epstopdf Info: Source file: <../figures/fig6.eps>
(epstopdf)             Output file: <../figures/converted_figs/fig6-eps-convert
ed-to.pdf>
(epstopdf)                    date: 2020-12-13 09:37:23
(epstopdf)                    size: 63346 bytes
(epstopdf)             Command: <repstopdf --outfile=../figures/converted_figs/
fig6-eps-converted-to.pdf ../figures/fig6.eps>
(epstopdf)             \includegraphics on input line 202.
Package epstopdf Info: Output file is already uptodate.


pdfTeX warning: pdflatex (file ../figures/converted_figs/fig6-eps-converted-to.
pdf): PDF inclusion: found PDF version <1.7>, but at most version <1.5> allowed

<../figures/converted_figs/fig6-eps-converted-to.pdf, id=1440, 533.995pt x 398.
48875pt>
File: ../figures/converted_figs/fig6-eps-converted-to.pdf Graphic file (type pd
f)
<use ../figures/converted_figs/fig6-eps-converted-to.pdf>
Package pdftex.def Info: ../figures/converted_figs/fig6-eps-converted-to.pdf  u
sed on input line 202.
(pdftex.def)             Requested size: 186.90105pt x 139.47314pt.

LaTeX Warning: File `../figures/fig5.eps' not found on input line 202.

Package epstopdf Info: Source file: <../figures/fig5.eps>
(epstopdf)             Output file: <../figures/converted_figs/fig5-eps-convert
ed-to.pdf>
(epstopdf)                    date: 2020-12-13 09:32:13
(epstopdf)                    size: 40848 bytes
(epstopdf)             Command: <repstopdf --outfile=../figures/converted_figs/
fig5-eps-converted-to.pdf ../figures/fig5.eps>
(epstopdf)             \includegraphics on input line 202.
Package epstopdf Info: Output file is already uptodate.


pdfTeX warning: pdflatex (file ../figures/converted_figs/fig5-eps-converted-to.
pdf): PDF inclusion: found PDF version <1.7>, but at most version <1.5> allowed

<../figures/converted_figs/fig5-eps-converted-to.pdf, id=1441, 533.995pt x 397.
485pt>
File: ../figures/converted_figs/fig5-eps-converted-to.pdf Graphic file (type pd
f)
<use ../figures/converted_figs/fig5-eps-converted-to.pdf>
Package pdftex.def Info: ../figures/converted_figs/fig5-eps-converted-to.pdf  u
sed on input line 202.
(pdftex.def)             Requested size: 173.44482pt x 158.99118pt.
[20

 <../figures/converted_figs/fig6-eps-converted-to.pdf> <../figures/converted_fi
gs/fig5-eps-converted-to.pdf>]

LaTeX Warning: File `../figures/fig1.eps' not found on input line 242.

Package epstopdf Info: Source file: <../figures/fig1.eps>
(epstopdf)             Output file: <../figures/converted_figs/fig1-eps-convert
ed-to.pdf>
(epstopdf)                    date: 2020-12-13 09:32:10
(epstopdf)                    size: 141095 bytes
(epstopdf)             Command: <repstopdf --outfile=../figures/converted_figs/
fig1-eps-converted-to.pdf ../figures/fig1.eps>
(epstopdf)             \includegraphics on input line 242.
Package epstopdf Info: Output file is already uptodate.


pdfTeX warning: pdflatex (file ../figures/converted_figs/fig1-eps-converted-to.
pdf): PDF inclusion: found PDF version <1.7>, but at most version <1.5> allowed

<../figures/converted_figs/fig1-eps-converted-to.pdf, id=1528, 533.995pt x 398.
48875pt>
File: ../figures/converted_figs/fig1-eps-converted-to.pdf Graphic file (type pd
f)
<use ../figures/converted_figs/fig1-eps-converted-to.pdf>
Package pdftex.def Info: ../figures/converted_figs/fig1-eps-converted-to.pdf  u
sed on input line 242.
(pdftex.def)             Requested size: 160.19974pt x 119.54755pt.

LaTeX Warning: File `../figures/fig2.eps' not found on input line 242.

Package epstopdf Info: Source file: <../figures/fig2.eps>
(epstopdf)             Output file: <../figures/converted_figs/fig2-eps-convert
ed-to.pdf>
(epstopdf)                    date: 2020-12-13 17:25:51
(epstopdf)                    size: 36519 bytes
(epstopdf)             Command: <repstopdf --outfile=../figures/converted_figs/
fig2-eps-converted-to.pdf ../figures/fig2.eps>
(epstopdf)             \includegraphics on input line 242.
Package epstopdf Info: Output file is already uptodate.


pdfTeX warning: pdflatex (file ../figures/converted_figs/fig2-eps-converted-to.
pdf): PDF inclusion: found PDF version <1.7>, but at most version <1.5> allowed

<../figures/converted_figs/fig2-eps-converted-to.pdf, id=1529, 533.995pt x 398.
48875pt>
File: ../figures/converted_figs/fig2-eps-converted-to.pdf Graphic file (type pd
f)
<use ../figures/converted_figs/fig2-eps-converted-to.pdf>
Package pdftex.def Info: ../figures/converted_figs/fig2-eps-converted-to.pdf  u
sed on input line 242.
(pdftex.def)             Requested size: 151.76918pt x 139.47314pt.
[21

 <../figures/converted_figs/fig1-eps-converted-to.pdf> <../figures/converted_fi
gs/fig2-eps-converted-to.pdf>]
Package epstopdf Info: Source file: <../figures/chap2/il1_il2_2c.eps>
(epstopdf)                    date: 2021-02-08 16:42:01
(epstopdf)                    size: 28529 bytes
(epstopdf)             Output file: <../figures/converted_figs/il1_il2_2c-eps-c
onverted-to.pdf>
(epstopdf)                    date: 2021-02-08 17:47:33
(epstopdf)                    size: 10362 bytes
(epstopdf)             Command: <repstopdf --outfile=../figures/converted_figs/
il1_il2_2c-eps-converted-to.pdf ../figures/chap2/il1_il2_2c.eps>
(epstopdf)             \includegraphics on input line 334.
Package epstopdf Info: Output file is already uptodate.
<../figures/converted_figs/il1_il2_2c-eps-converted-to.pdf, id=1624, 499.8675pt
 x 415.5525pt>
File: ../figures/converted_figs/il1_il2_2c-eps-converted-to.pdf Graphic file (t
ype pdf)
<use ../figures/converted_figs/il1_il2_2c-eps-converted-to.pdf>
Package pdftex.def Info: ../figures/converted_figs/il1_il2_2c-eps-converted-to.
pdf  used on input line 334.
(pdftex.def)             Requested size: 114.9671pt x 95.57506pt.
Package epstopdf Info: Source file: <../figures/chap2/il2_2c_0_ps42.eps>
(epstopdf)                    date: 2021-02-08 16:42:01
(epstopdf)                    size: 34083 bytes
(epstopdf)             Output file: <../figures/converted_figs/il2_2c_0_ps42-ep
s-converted-to.pdf>
(epstopdf)                    date: 2021-02-08 17:49:05
(epstopdf)                    size: 13231 bytes
(epstopdf)             Command: <repstopdf --outfile=../figures/converted_figs/
il2_2c_0_ps42-eps-converted-to.pdf ../figures/chap2/il2_2c_0_ps42.eps>
(epstopdf)             \includegraphics on input line 334.
Package epstopdf Info: Output file is already uptodate.
<../figures/converted_figs/il2_2c_0_ps42-eps-converted-to.pdf, id=1625, 499.867
5pt x 415.5525pt>
File: ../figures/converted_figs/il2_2c_0_ps42-eps-converted-to.pdf Graphic file
 (type pdf)
<use ../figures/converted_figs/il2_2c_0_ps42-eps-converted-to.pdf>
Package pdftex.def Info: ../figures/converted_figs/il2_2c_0_ps42-eps-converted-
to.pdf  used on input line 334.
(pdftex.def)             Requested size: 91.88127pt x 95.57506pt.
Package epstopdf Info: Source file: <../figures/chap2/il1_il3_8c.eps>
(epstopdf)                    date: 2021-02-08 16:42:01
(epstopdf)                    size: 27748 bytes
(epstopdf)             Output file: <../figures/converted_figs/il1_il3_8c-eps-c
onverted-to.pdf>
(epstopdf)                    date: 2021-02-08 17:49:05
(epstopdf)                    size: 9713 bytes
(epstopdf)             Command: <repstopdf --outfile=../figures/converted_figs/
il1_il3_8c-eps-converted-to.pdf ../figures/chap2/il1_il3_8c.eps>
(epstopdf)             \includegraphics on input line 334.
Package epstopdf Info: Output file is already uptodate.
<../figures/converted_figs/il1_il3_8c-eps-converted-to.pdf, id=1626, 499.8675pt
 x 415.5525pt>
File: ../figures/converted_figs/il1_il3_8c-eps-converted-to.pdf Graphic file (t
ype pdf)
<use ../figures/converted_figs/il1_il3_8c-eps-converted-to.pdf>
Package pdftex.def Info: ../figures/converted_figs/il1_il3_8c-eps-converted-to.
pdf  used on input line 334.
(pdftex.def)             Requested size: 91.88127pt x 95.57506pt.
 [22

 <../figures/converted_figs/il1_il2_2c-eps-converted-to.pdf> <../figures/conver
ted_figs/il2_2c_0_ps42-eps-converted-to.pdf> <../figures/converted_figs/il1_il3
_8c-eps-converted-to.pdf>]
Package epstopdf Info: Source file: <../figures/chap5/pop_time_states_ion_stack
ed_diego2006.eps>
(epstopdf)                    date: 2020-12-12 18:20:41
(epstopdf)                    size: 221364 bytes
(epstopdf)             Output file: <../figures/converted_figs/pop_time_states_
ion_stacked_diego2006-eps-converted-to.pdf>
(epstopdf)                    date: 2020-12-13 10:16:38
(epstopdf)                    size: 108435 bytes
(epstopdf)             Command: <repstopdf --outfile=../figures/converted_figs/
pop_time_states_ion_stacked_diego2006-eps-converted-to.pdf ../figures/chap5/pop
_time_states_ion_stacked_diego2006.eps>
(epstopdf)             \includegraphics on input line 379.
Package epstopdf Info: Output file is already uptodate.


pdfTeX warning: pdflatex (file ../figures/converted_figs/pop_time_states_ion_st
acked_diego2006-eps-converted-to.pdf): PDF inclusion: found PDF version <1.7>, 
but at most version <1.5> allowed
<../figures/converted_figs/pop_time_states_ion_stacked_diego2006-eps-converted-
to.pdf, id=1708, 588.1975pt x 718.685pt>
File: ../figures/converted_figs/pop_time_states_ion_stacked_diego2006-eps-conve
rted-to.pdf Graphic file (type pdf)
<use ../figures/converted_figs/pop_time_states_ion_stacked_diego2006-eps-conver
ted-to.pdf>
Package pdftex.def Info: ../figures/converted_figs/pop_time_states_ion_stacked_
diego2006-eps-converted-to.pdf  used on input line 379.
(pdftex.def)             Requested size: 135.28258pt x 165.29407pt.
Package epstopdf Info: Source file: <../figures/chap5/pop_time_states_ion_stack
ed_tetchou2010.eps>
(epstopdf)                    date: 2020-12-17 19:57:10
(epstopdf)                    size: 141753 bytes
(epstopdf)             Output file: <../figures/converted_figs/pop_time_states_
ion_stacked_tetchou2010-eps-converted-to.pdf>
(epstopdf)                    date: 2020-12-17 21:00:59
(epstopdf)                    size: 48592 bytes
(epstopdf)             Command: <repstopdf --outfile=../figures/converted_figs/
pop_time_states_ion_stacked_tetchou2010-eps-converted-to.pdf ../figures/chap5/p
op_time_states_ion_stacked_tetchou2010.eps>
(epstopdf)             \includegraphics on input line 379.
Package epstopdf Info: Output file is already uptodate.


pdfTeX warning: pdflatex (file ../figures/converted_figs/pop_time_states_ion_st
acked_tetchou2010-eps-converted-to.pdf): PDF inclusion: found PDF version <1.7>
, but at most version <1.5> allowed
<../figures/converted_figs/pop_time_states_ion_stacked_tetchou2010-eps-converte
d-to.pdf, id=1709, 644.4075pt x 739.76375pt>
File: ../figures/converted_figs/pop_time_states_ion_stacked_tetchou2010-eps-con
verted-to.pdf Graphic file (type pdf)
<use ../figures/converted_figs/pop_time_states_ion_stacked_tetchou2010-eps-conv
erted-to.pdf>
Package pdftex.def Info: ../figures/converted_figs/pop_time_states_ion_stacked_
tetchou2010-eps-converted-to.pdf  used on input line 379.
(pdftex.def)             Requested size: 125.12479pt x 170.14207pt.
[23

 <../figures/converted_figs/pop_time_states_ion_stacked_diego2006-eps-converted
-to.pdf> <../figures/converted_figs/pop_time_states_ion_stacked_tetchou2010-eps
-converted-to.pdf>]
Package epstopdf Info: Source file: <../figures/chap5/pop_l_n_int1_cyc_cep_chen
2012.eps>
(epstopdf)                    date: 2020-12-12 01:56:33
(epstopdf)                    size: 138509 bytes
(epstopdf)             Output file: <../figures/converted_figs/pop_l_n_int1_cyc
_cep_chen2012-eps-converted-to.pdf>
(epstopdf)                    date: 2020-12-13 10:05:18
(epstopdf)                    size: 52364 bytes
(epstopdf)             Command: <repstopdf --outfile=../figures/converted_figs/
pop_l_n_int1_cyc_cep_chen2012-eps-converted-to.pdf ../figures/chap5/pop_l_n_int
1_cyc_cep_chen2012.eps>
(epstopdf)             \includegraphics on input line 420.
Package epstopdf Info: Output file is already uptodate.


pdfTeX warning: pdflatex (file ../figures/converted_figs/pop_l_n_int1_cyc_cep_c
hen2012-eps-converted-to.pdf): PDF inclusion: found PDF version <1.7>, but at m
ost version <1.5> allowed
<../figures/converted_figs/pop_l_n_int1_cyc_cep_chen2012-eps-converted-to.pdf, 
id=1790, 938.50626pt x 579.16376pt>
File: ../figures/converted_figs/pop_l_n_int1_cyc_cep_chen2012-eps-converted-to.
pdf Graphic file (type pdf)
<use ../figures/converted_figs/pop_l_n_int1_cyc_cep_chen2012-eps-converted-to.p
df>
Package pdftex.def Info: ../figures/converted_figs/pop_l_n_int1_cyc_cep_chen201
2-eps-converted-to.pdf  used on input line 420.
(pdftex.def)             Requested size: 253.40007pt x 156.3763pt.
(../tables/chen2012_tab_2_nopc2_ps2_i1.txt)
(../tables/chen2012_tab_3_nopc10_ps2_i1.txt) [24

 <../figures/converted_figs/pop_l_n_int1_cyc_cep_chen2012-eps-converted-to.pdf>
]
Package epstopdf Info: Source file: <../figures/chap5/pop_3d_nl_phase_nc2_tetch
ou2010_chen2012.eps>
(epstopdf)                    date: 2020-12-12 01:43:02
(epstopdf)                    size: 180460 bytes
(epstopdf)             Output file: <../figures/converted_figs/pop_3d_nl_phase_
nc2_tetchou2010_chen2012-eps-converted-to.pdf>
(epstopdf)                    date: 2020-12-13 09:58:19
(epstopdf)                    size: 194625 bytes
(epstopdf)             Command: <repstopdf --outfile=../figures/converted_figs/
pop_3d_nl_phase_nc2_tetchou2010_chen2012-eps-converted-to.pdf ../figures/chap5/
pop_3d_nl_phase_nc2_tetchou2010_chen2012.eps>
(epstopdf)             \includegraphics on input line 465.
Package epstopdf Info: Output file is already uptodate.


pdfTeX warning: pdflatex (file ../figures/converted_figs/pop_3d_nl_phase_nc2_te
tchou2010_chen2012-eps-converted-to.pdf): PDF inclusion: found PDF version <1.7
>, but at most version <1.5> allowed
<../figures/converted_figs/pop_3d_nl_phase_nc2_tetchou2010_chen2012-eps-convert
ed-to.pdf, id=1861, 579.16376pt x 531.9875pt>
File: ../figures/converted_figs/pop_3d_nl_phase_nc2_tetchou2010_chen2012-eps-co
nverted-to.pdf Graphic file (type pdf)
<use ../figures/converted_figs/pop_3d_nl_phase_nc2_tetchou2010_chen2012-eps-con
verted-to.pdf>
Package pdftex.def Info: ../figures/converted_figs/pop_3d_nl_phase_nc2_tetchou2
010_chen2012-eps-converted-to.pdf  used on input line 465.
(pdftex.def)             Requested size: 156.3763pt x 143.63853pt.
Package epstopdf Info: Source file: <../figures/chap5/pop_l_n_intens_diego2006_
bar.eps>
(epstopdf)                    date: 2020-12-14 10:26:44
(epstopdf)                    size: 98523 bytes
(epstopdf)             Output file: <../figures/converted_figs/pop_l_n_intens_d
iego2006_bar-eps-converted-to.pdf>
(epstopdf)                    date: 2020-12-14 11:49:50
(epstopdf)                    size: 60780 bytes
(epstopdf)             Command: <repstopdf --outfile=../figures/converted_figs/
pop_l_n_intens_diego2006_bar-eps-converted-to.pdf ../figures/chap5/pop_l_n_inte
ns_diego2006_bar.eps>
(epstopdf)             \includegraphics on input line 465.
Package epstopdf Info: Output file is already uptodate.


pdfTeX warning: pdflatex (file ../figures/converted_figs/pop_l_n_intens_diego20
06_bar-eps-converted-to.pdf): PDF inclusion: found PDF version <1.7>, but at mo
st version <1.5> allowed
<../figures/converted_figs/pop_l_n_intens_diego2006_bar-eps-converted-to.pdf, i
d=1862, 1040.88875pt x 616.3025pt>
File: ../figures/converted_figs/pop_l_n_intens_diego2006_bar-eps-converted-to.p
df Graphic file (type pdf)
<use ../figures/converted_figs/pop_l_n_intens_diego2006_bar-eps-converted-to.pd
f>
Package pdftex.def Info: ../figures/converted_figs/pop_l_n_intens_diego2006_bar
-eps-converted-to.pdf  used on input line 465.
(pdftex.def)             Requested size: 208.17406pt x 123.25832pt.
Package epstopdf Info: Source file: <../figures/chap5/pop_3d_nl_telnov2019.eps>

(epstopdf)                    date: 2020-12-12 02:41:13
(epstopdf)                    size: 185281 bytes
(epstopdf)             Output file: <../figures/converted_figs/pop_3d_nl_telnov
2019-eps-converted-to.pdf>
(epstopdf)                    date: 2021-01-14 11:21:12
(epstopdf)                    size: 195750 bytes
(epstopdf)             Command: <repstopdf --outfile=../figures/converted_figs/
pop_3d_nl_telnov2019-eps-converted-to.pdf ../figures/chap5/pop_3d_nl_telnov2019
.eps>
(epstopdf)             \includegraphics on input line 465.
Package epstopdf Info: Output file is already uptodate.
<../figures/converted_figs/pop_3d_nl_telnov2019-eps-converted-to.pdf, id=1863, 
587.19376pt x 718.685pt>
File: ../figures/converted_figs/pop_3d_nl_telnov2019-eps-converted-to.pdf Graph
ic file (type pdf)
<use ../figures/converted_figs/pop_3d_nl_telnov2019-eps-converted-to.pdf>
Package pdftex.def Info: ../figures/converted_figs/pop_3d_nl_telnov2019-eps-con
verted-to.pdf  used on input line 465.
(pdftex.def)             Requested size: 117.43666pt x 143.73445pt.
[25

 <../figures/converted_figs/pop_3d_nl_phase_nc2_tetchou2010_chen2012-eps-conver
ted-to.pdf> <../figures/converted_figs/pop_l_n_intens_diego2006_bar-eps-convert
ed-to.pdf> <../figures/converted_figs/pop_3d_nl_telnov2019-eps-converted-to.pdf
>]
<../figures/chap5/fig_time_pz_8c_e0_diego2006.jpg, id=1947, 800.9925pt x 592.21
25pt>
File: ../figures/chap5/fig_time_pz_8c_e0_diego2006.jpg Graphic file (type jpg)
<use ../figures/chap5/fig_time_pz_8c_e0_diego2006.jpg>
Package pdftex.def Info: ../figures/chap5/fig_time_pz_8c_e0_diego2006.jpg  used
 on input line 510.
(pdftex.def)             Requested size: 216.27086pt x 159.8995pt.
 [26

 <../figures/chap5/fig_time_pz_8c_e0_diego2006.jpg>]
Package epstopdf Info: Source file: <../figures/chap5/energy_density_tetchou201
0_chen2012.eps>
(epstopdf)                    date: 2020-12-12 18:13:54
(epstopdf)                    size: 952369 bytes
(epstopdf)             Output file: <../figures/converted_figs/energy_density_t
etchou2010_chen2012-eps-converted-to.pdf>
(epstopdf)                    date: 2020-12-13 10:53:08
(epstopdf)                    size: 345545 bytes
(epstopdf)             Command: <repstopdf --outfile=../figures/converted_figs/
energy_density_tetchou2010_chen2012-eps-converted-to.pdf ../figures/chap5/energ
y_density_tetchou2010_chen2012.eps>
(epstopdf)             \includegraphics on input line 543.
Package epstopdf Info: Output file is already uptodate.


pdfTeX warning: pdflatex (file ../figures/converted_figs/energy_density_tetchou
2010_chen2012-eps-converted-to.pdf): PDF inclusion: found PDF version <1.7>, bu
t at most version <1.5> allowed
<../figures/converted_figs/energy_density_tetchou2010_chen2012-eps-converted-to
.pdf, id=2012, 997.7275pt x 718.685pt>
File: ../figures/converted_figs/energy_density_tetchou2010_chen2012-eps-convert
ed-to.pdf Graphic file (type pdf)
<use ../figures/converted_figs/energy_density_tetchou2010_chen2012-eps-converte
d-to.pdf>
Package pdftex.def Info: ../figures/converted_figs/energy_density_tetchou2010_c
hen2012-eps-converted-to.pdf  used on input line 543.
(pdftex.def)             Requested size: 239.45949pt x 172.48792pt.
Package epstopdf Info: Source file: <../figures/chap5/energy_density_phase_nc25
10_0_chen2012.eps>
(epstopdf)                    date: 2020-12-12 18:11:21
(epstopdf)                    size: 483680 bytes
(epstopdf)             Output file: <../figures/converted_figs/energy_density_p
hase_nc2510_0_chen2012-eps-converted-to.pdf>
(epstopdf)                    date: 2020-12-13 11:17:31
(epstopdf)                    size: 188943 bytes
(epstopdf)             Command: <repstopdf --outfile=../figures/converted_figs/
energy_density_phase_nc2510_0_chen2012-eps-converted-to.pdf ../figures/chap5/en
ergy_density_phase_nc2510_0_chen2012.eps>
(epstopdf)             \includegraphics on input line 543.
Package epstopdf Info: Output file is already uptodate.


pdfTeX warning: pdflatex (file ../figures/converted_figs/energy_density_phase_n
c2510_0_chen2012-eps-converted-to.pdf): PDF inclusion: found PDF version <1.7>,
 but at most version <1.5> allowed
<../figures/converted_figs/energy_density_phase_nc2510_0_chen2012-eps-converted
-to.pdf, id=2013, 530.98375pt x 718.685pt>
File: ../figures/converted_figs/energy_density_phase_nc2510_0_chen2012-eps-conv
erted-to.pdf Graphic file (type pdf)
<use ../figures/converted_figs/energy_density_phase_nc2510_0_chen2012-eps-conve
rted-to.pdf>
Package pdftex.def Info: ../figures/converted_figs/energy_density_phase_nc2510_
0_chen2012-eps-converted-to.pdf  used on input line 543.
(pdftex.def)             Requested size: 127.43869pt x 172.48792pt.
[27

 <../figures/converted_figs/energy_density_tetchou2010_chen2012-eps-converted-t
o.pdf> <../figures/converted_figs/energy_density_phase_nc2510_0_chen2012-eps-co
nverted-to.pdf>]
Package epstopdf Info: Source file: <../figures/chap5/energy_distrib_dif_pis2_n
c2510_chen2012.eps>
(epstopdf)                    date: 2020-12-12 03:01:04
(epstopdf)                    size: 263111 bytes
(epstopdf)             Output file: <../figures/converted_figs/energy_distrib_d
if_pis2_nc2510_chen2012-eps-converted-to.pdf>
(epstopdf)                    date: 2020-12-13 11:54:01
(epstopdf)                    size: 94890 bytes
(epstopdf)             Command: <repstopdf --outfile=../figures/converted_figs/
energy_distrib_dif_pis2_nc2510_chen2012-eps-converted-to.pdf ../figures/chap5/e
nergy_distrib_dif_pis2_nc2510_chen2012.eps>
(epstopdf)             \includegraphics on input line 591.
Package epstopdf Info: Output file is already uptodate.


pdfTeX warning: pdflatex (file ../figures/converted_figs/energy_distrib_dif_pis
2_nc2510_chen2012-eps-converted-to.pdf): PDF inclusion: found PDF version <1.7>
, but at most version <1.5> allowed
<../figures/converted_figs/energy_distrib_dif_pis2_nc2510_chen2012-eps-converte
d-to.pdf, id=2095, 678.535pt x 613.29124pt>
File: ../figures/converted_figs/energy_distrib_dif_pis2_nc2510_chen2012-eps-con
verted-to.pdf Graphic file (type pdf)
<use ../figures/converted_figs/energy_distrib_dif_pis2_nc2510_chen2012-eps-conv
erted-to.pdf>
Package pdftex.def Info: ../figures/converted_figs/energy_distrib_dif_pis2_nc25
10_chen2012-eps-converted-to.pdf  used on input line 591.
(pdftex.def)             Requested size: 176.41493pt x 159.45195pt.
Package epstopdf Info: Source file: <../figures/chap5/energy_distrib_dif_intens
_diego2006.eps>
(epstopdf)                    date: 2020-12-12 07:38:22
(epstopdf)                    size: 277890 bytes
(epstopdf)             Output file: <../figures/converted_figs/energy_distrib_d
if_intens_diego2006-eps-converted-to.pdf>
(epstopdf)                    date: 2020-12-13 11:56:35
(epstopdf)                    size: 108152 bytes
(epstopdf)             Command: <repstopdf --outfile=../figures/converted_figs/
energy_distrib_dif_intens_diego2006-eps-converted-to.pdf ../figures/chap5/energ
y_distrib_dif_intens_diego2006.eps>
(epstopdf)             \includegraphics on input line 591.
Package epstopdf Info: Output file is already uptodate.


pdfTeX warning: pdflatex (file ../figures/converted_figs/energy_distrib_dif_int
ens_diego2006-eps-converted-to.pdf): PDF inclusion: found PDF version <1.7>, bu
t at most version <1.5> allowed
<../figures/converted_figs/energy_distrib_dif_intens_diego2006-eps-converted-to
.pdf, id=2096, 651.43375pt x 644.4075pt>
File: ../figures/converted_figs/energy_distrib_dif_intens_diego2006-eps-convert
ed-to.pdf Graphic file (type pdf)
<use ../figures/converted_figs/energy_distrib_dif_intens_diego2006-eps-converte
d-to.pdf>
Package pdftex.def Info: ../figures/converted_figs/energy_distrib_dif_intens_di
ego2006-eps-converted-to.pdf  used on input line 591.
(pdftex.def)             Requested size: 162.85803pt x 161.10147pt.
[28

 <../figures/converted_figs/energy_distrib_dif_pis2_nc2510_chen2012-eps-convert
ed-to.pdf> <../figures/converted_figs/energy_distrib_dif_intens_diego2006-eps-c
onverted-to.pdf>]
Package epstopdf Info: Source file: <../figures/chap5/fig_energy_distrib_h1s_he
2s_i05_20c_iwf_telnov.eps>
(epstopdf)                    date: 2020-12-12 09:20:17
(epstopdf)                    size: 109998 bytes
(epstopdf)             Output file: <../figures/converted_figs/fig_energy_distr
ib_h1s_he2s_i05_20c_iwf_telnov-eps-converted-to.pdf>
(epstopdf)                    date: 2020-12-13 11:58:41
(epstopdf)                    size: 32016 bytes
(epstopdf)             Command: <repstopdf --outfile=../figures/converted_figs/
fig_energy_distrib_h1s_he2s_i05_20c_iwf_telnov-eps-converted-to.pdf ../figures/
chap5/fig_energy_distrib_h1s_he2s_i05_20c_iwf_telnov.eps>
(epstopdf)             \includegraphics on input line 638.
Package epstopdf Info: Output file is already uptodate.


pdfTeX warning: pdflatex (file ../figures/converted_figs/fig_energy_distrib_h1s
_he2s_i05_20c_iwf_telnov-eps-converted-to.pdf): PDF inclusion: found PDF versio
n <1.7>, but at most version <1.5> allowed
<../figures/converted_figs/fig_energy_distrib_h1s_he2s_i05_20c_iwf_telnov-eps-c
onverted-to.pdf, id=2178, 586.19pt x 447.6725pt>
File: ../figures/converted_figs/fig_energy_distrib_h1s_he2s_i05_20c_iwf_telnov-
eps-converted-to.pdf Graphic file (type pdf)
<use ../figures/converted_figs/fig_energy_distrib_h1s_he2s_i05_20c_iwf_telnov-e
ps-converted-to.pdf>
Package pdftex.def Info: ../figures/converted_figs/fig_energy_distrib_h1s_he2s_
i05_20c_iwf_telnov-eps-converted-to.pdf  used on input line 638.
(pdftex.def)             Requested size: 205.16957pt x 156.68771pt.
Package epstopdf Info: Source file: <../figures/chap5/fig_energy_distrib_he2s_h
e2p_i08_20c_iwf_telnov.eps>
(epstopdf)                    date: 2020-12-12 09:20:17
(epstopdf)                    size: 105095 bytes
(epstopdf)             Output file: <../figures/converted_figs/fig_energy_distr
ib_he2s_he2p_i08_20c_iwf_telnov-eps-converted-to.pdf>
(epstopdf)                    date: 2020-12-13 12:00:41
(epstopdf)                    size: 31424 bytes
(epstopdf)             Command: <repstopdf --outfile=../figures/converted_figs/
fig_energy_distrib_he2s_he2p_i08_20c_iwf_telnov-eps-converted-to.pdf ../figures
/chap5/fig_energy_distrib_he2s_he2p_i08_20c_iwf_telnov.eps>
(epstopdf)             \includegraphics on input line 638.
Package epstopdf Info: Output file is already uptodate.


pdfTeX warning: pdflatex (file ../figures/converted_figs/fig_energy_distrib_he2
s_he2p_i08_20c_iwf_telnov-eps-converted-to.pdf): PDF inclusion: found PDF versi
on <1.7>, but at most version <1.5> allowed
<../figures/converted_figs/fig_energy_distrib_he2s_he2p_i08_20c_iwf_telnov-eps-
converted-to.pdf, id=2179, 584.1825pt x 447.6725pt>
File: ../figures/converted_figs/fig_energy_distrib_he2s_he2p_i08_20c_iwf_telnov
-eps-converted-to.pdf Graphic file (type pdf)
<use ../figures/converted_figs/fig_energy_distrib_he2s_he2p_i08_20c_iwf_telnov-
eps-converted-to.pdf>
Package pdftex.def Info: ../figures/converted_figs/fig_energy_distrib_he2s_he2p
_i08_20c_iwf_telnov-eps-converted-to.pdf  used on input line 638.
(pdftex.def)             Requested size: 204.46693pt x 156.68771pt.
[29

 <../figures/converted_figs/fig_energy_distrib_h1s_he2s_i05_20c_iwf_telnov-eps-
converted-to.pdf> <../figures/converted_figs/fig_energy_distrib_he2s_he2p_i08_2
0c_iwf_telnov-eps-converted-to.pdf>]
Package epstopdf Info: Source file: <../figures/chap5/mom_pnpz_distrib_tetchou2
010_chen2012.eps>
(epstopdf)                    date: 2020-12-12 03:38:06
(epstopdf)                    size: 1089713 bytes
(epstopdf)             Output file: <../figures/converted_figs/mom_pnpz_distrib
_tetchou2010_chen2012-eps-converted-to.pdf>
(epstopdf)                    date: 2020-12-13 12:04:06
(epstopdf)                    size: 529082 bytes
(epstopdf)             Command: <repstopdf --outfile=../figures/converted_figs/
mom_pnpz_distrib_tetchou2010_chen2012-eps-converted-to.pdf ../figures/chap5/mom
_pnpz_distrib_tetchou2010_chen2012.eps>
(epstopdf)             \includegraphics on input line 687.
Package epstopdf Info: Output file is already uptodate.


pdfTeX warning: pdflatex (file ../figures/converted_figs/mom_pnpz_distrib_tetch
ou2010_chen2012-eps-converted-to.pdf): PDF inclusion: found PDF version <1.7>, 
but at most version <1.5> allowed
<../figures/converted_figs/mom_pnpz_distrib_tetchou2010_chen2012-eps-converted-
to.pdf, id=2261, 908.39375pt x 728.7225pt>
File: ../figures/converted_figs/mom_pnpz_distrib_tetchou2010_chen2012-eps-conve
rted-to.pdf Graphic file (type pdf)
<use ../figures/converted_figs/mom_pnpz_distrib_tetchou2010_chen2012-eps-conver
ted-to.pdf>
Package pdftex.def Info: ../figures/converted_figs/mom_pnpz_distrib_tetchou2010
_chen2012-eps-converted-to.pdf  used on input line 687.
(pdftex.def)             Requested size: 199.84724pt x 160.31944pt.
Package epstopdf Info: Source file: <../figures/chap5/mom_pnpz_distrib_phase_nc
2510_chen2012.eps>
(epstopdf)                    date: 2020-12-12 03:43:47
(epstopdf)                    size: 1131721 bytes
(epstopdf)             Output file: <../figures/converted_figs/mom_pnpz_distrib
_phase_nc2510_chen2012-eps-converted-to.pdf>
(epstopdf)                    date: 2020-12-13 12:10:34
(epstopdf)                    size: 523153 bytes
(epstopdf)             Command: <repstopdf --outfile=../figures/converted_figs/
mom_pnpz_distrib_phase_nc2510_chen2012-eps-converted-to.pdf ../figures/chap5/mo
m_pnpz_distrib_phase_nc2510_chen2012.eps>
(epstopdf)             \includegraphics on input line 687.
Package epstopdf Info: Output file is already uptodate.


pdfTeX warning: pdflatex (file ../figures/converted_figs/mom_pnpz_distrib_phase
_nc2510_chen2012-eps-converted-to.pdf): PDF inclusion: found PDF version <1.7>,
 but at most version <1.5> allowed
<../figures/converted_figs/mom_pnpz_distrib_phase_nc2510_chen2012-eps-converted
-to.pdf, id=2262, 500.87125pt x 718.685pt>
File: ../figures/converted_figs/mom_pnpz_distrib_phase_nc2510_chen2012-eps-conv
erted-to.pdf Graphic file (type pdf)
<use ../figures/converted_figs/mom_pnpz_distrib_phase_nc2510_chen2012-eps-conve
rted-to.pdf>
Package pdftex.def Info: ../figures/converted_figs/mom_pnpz_distrib_phase_nc251
0_chen2012-eps-converted-to.pdf  used on input line 687.
(pdftex.def)             Requested size: 110.192pt x 158.11118pt.
Package epstopdf Info: Source file: <../figures/chap5/mom_pnpz_distrib_intens_d
iego2006.eps>
(epstopdf)                    date: 2020-12-12 03:49:09
(epstopdf)                    size: 900364 bytes
(epstopdf)             Output file: <../figures/converted_figs/mom_pnpz_distrib
_intens_diego2006-eps-converted-to.pdf>
(epstopdf)                    date: 2020-12-13 12:13:45
(epstopdf)                    size: 505031 bytes
(epstopdf)             Command: <repstopdf --outfile=../figures/converted_figs/
mom_pnpz_distrib_intens_diego2006-eps-converted-to.pdf ../figures/chap5/mom_pnp
z_distrib_intens_diego2006.eps>
(epstopdf)             \includegraphics on input line 687.
Package epstopdf Info: Output file is already uptodate.


pdfTeX warning: pdflatex (file ../figures/converted_figs/mom_pnpz_distrib_inten
s_diego2006-eps-converted-to.pdf): PDF inclusion: found PDF version <1.7>, but 
at most version <1.5> allowed
<../figures/converted_figs/mom_pnpz_distrib_intens_diego2006-eps-converted-to.p
df, id=2263, 469.755pt x 718.685pt>
File: ../figures/converted_figs/mom_pnpz_distrib_intens_diego2006-eps-converted
-to.pdf Graphic file (type pdf)
<use ../figures/converted_figs/mom_pnpz_distrib_intens_diego2006-eps-converted-
to.pdf>
Package pdftex.def Info: ../figures/converted_figs/mom_pnpz_distrib_intens_dieg
o2006-eps-converted-to.pdf  used on input line 687.
(pdftex.def)             Requested size: 108.04137pt x 165.29407pt.
[30

 <../figures/converted_figs/mom_pnpz_distrib_tetchou2010_chen2012-eps-converted
-to.pdf> <../figures/converted_figs/mom_pnpz_distrib_phase_nc2510_chen2012-eps-
converted-to.pdf> <../figures/converted_figs/mom_pnpz_distrib_intens_diego2006-
eps-converted-to.pdf>]
Package epstopdf Info: Source file: <../figures/chap5/momx_pz_distrib_end_phase
_tetchou2010_chen2012.eps>
(epstopdf)                    date: 2020-12-12 04:04:03
(epstopdf)                    size: 244415 bytes
(epstopdf)             Output file: <../figures/converted_figs/momx_pz_distrib_
end_phase_tetchou2010_chen2012-eps-converted-to.pdf>
(epstopdf)                    date: 2020-12-13 13:17:01
(epstopdf)                    size: 84873 bytes
(epstopdf)             Command: <repstopdf --outfile=../figures/converted_figs/
momx_pz_distrib_end_phase_tetchou2010_chen2012-eps-converted-to.pdf ../figures/
chap5/momx_pz_distrib_end_phase_tetchou2010_chen2012.eps>
(epstopdf)             \includegraphics on input line 729.
Package epstopdf Info: Output file is already uptodate.


pdfTeX warning: pdflatex (file ../figures/converted_figs/momx_pz_distrib_end_ph
ase_tetchou2010_chen2012-eps-converted-to.pdf): PDF inclusion: found PDF versio
n <1.7>, but at most version <1.5> allowed
<../figures/converted_figs/momx_pz_distrib_end_phase_tetchou2010_chen2012-eps-c
onverted-to.pdf, id=2346, 473.77pt x 718.685pt>
File: ../figures/converted_figs/momx_pz_distrib_end_phase_tetchou2010_chen2012-
eps-converted-to.pdf Graphic file (type pdf)
<use ../figures/converted_figs/momx_pz_distrib_end_phase_tetchou2010_chen2012-e
ps-converted-to.pdf>
Package pdftex.def Info: ../figures/converted_figs/momx_pz_distrib_end_phase_te
tchou2010_chen2012-eps-converted-to.pdf  used on input line 729.
(pdftex.def)             Requested size: 104.22972pt x 158.11118pt.
Package epstopdf Info: Source file: <../figures/chap5/momx_pz_distrib_end_inten
s_diego2006.eps>
(epstopdf)                    date: 2020-12-12 07:41:21
(epstopdf)                    size: 164561 bytes
(epstopdf)             Output file: <../figures/converted_figs/momx_pz_distrib_
end_intens_diego2006-eps-converted-to.pdf>
(epstopdf)                    date: 2020-12-13 13:19:13
(epstopdf)                    size: 68059 bytes
(epstopdf)             Command: <repstopdf --outfile=../figures/converted_figs/
momx_pz_distrib_end_intens_diego2006-eps-converted-to.pdf ../figures/chap5/momx
_pz_distrib_end_intens_diego2006.eps>
(epstopdf)             \includegraphics on input line 729.
Package epstopdf Info: Output file is already uptodate.


pdfTeX warning: pdflatex (file ../figures/converted_figs/momx_pz_distrib_end_in
tens_diego2006-eps-converted-to.pdf): PDF inclusion: found PDF version <1.7>, b
ut at most version <1.5> allowed
<../figures/converted_figs/momx_pz_distrib_end_intens_diego2006-eps-converted-t
o.pdf, id=2347, 563.10374pt x 487.8225pt>
File: ../figures/converted_figs/momx_pz_distrib_end_intens_diego2006-eps-conver
ted-to.pdf Graphic file (type pdf)
<use ../figures/converted_figs/momx_pz_distrib_end_intens_diego2006-eps-convert
ed-to.pdf>
Package pdftex.def Info: ../figures/converted_figs/momx_pz_distrib_end_intens_d
iego2006-eps-converted-to.pdf  used on input line 729.
(pdftex.def)             Requested size: 123.8832pt x 107.32127pt.
Package epstopdf Info: Source file: <../figures/chap5/momx_pn_distrib_end_inten
s_diego2006.eps>
(epstopdf)                    date: 2020-12-12 07:37:18
(epstopdf)                    size: 162133 bytes
(epstopdf)             Output file: <../figures/converted_figs/momx_pn_distrib_
end_intens_diego2006-eps-converted-to.pdf>
(epstopdf)                    date: 2020-12-13 13:19:13
(epstopdf)                    size: 64336 bytes
(epstopdf)             Command: <repstopdf --outfile=../figures/converted_figs/
momx_pn_distrib_end_intens_diego2006-eps-converted-to.pdf ../figures/chap5/momx
_pn_distrib_end_intens_diego2006.eps>
(epstopdf)             \includegraphics on input line 729.
Package epstopdf Info: Output file is already uptodate.


pdfTeX warning: pdflatex (file ../figures/converted_figs/momx_pn_distrib_end_in
tens_diego2006-eps-converted-to.pdf): PDF inclusion: found PDF version <1.7>, b
ut at most version <1.5> allowed
<../figures/converted_figs/momx_pn_distrib_end_intens_diego2006-eps-converted-t
o.pdf, id=2348, 699.61375pt x 522.95375pt>
File: ../figures/converted_figs/momx_pn_distrib_end_intens_diego2006-eps-conver
ted-to.pdf Graphic file (type pdf)
<use ../figures/converted_figs/momx_pn_distrib_end_intens_diego2006-eps-convert
ed-to.pdf>
Package pdftex.def Info: ../figures/converted_figs/momx_pn_distrib_end_intens_d
iego2006-eps-converted-to.pdf  used on input line 729.
(pdftex.def)             Requested size: 139.92027pt x 104.5889pt.
[31

 <../figures/converted_figs/momx_pz_distrib_end_phase_tetchou2010_chen2012-eps-
converted-to.pdf> <../figures/converted_figs/momx_pz_distrib_end_intens_diego20
06-eps-converted-to.pdf> <../figures/converted_figs/momx_pn_distrib_end_intens_
diego2006-eps-converted-to.pdf>]) (./endword.tex [32

] [33

] [34

] [35

]
<ustm_logo.jpg, id=2700, 256.96pt x 256.96pt>
File: ustm_logo.jpg Graphic file (type jpg)
<use ustm_logo.jpg>
Package pdftex.def Info: ustm_logo.jpg  used on input line 115.
(pdftex.def)             Requested size: 64.23984pt x 64.23984pt.
<cepamoq.png, id=2701, 610.28pt x 608.2725pt>
File: cepamoq.png Graphic file (type png)
<use cepamoq.png>
Package pdftex.def Info: cepamoq.png  used on input line 115.
(pdftex.def)             Requested size: 61.03157pt x 60.83081pt.
<anbg.jpg, id=2702, 202.7575pt x 250.9375pt>
File: anbg.jpg Graphic file (type jpg)
<use anbg.jpg>
Package pdftex.def Info: anbg.jpg  used on input line 115.
(pdftex.def)             Requested size: 50.68924pt x 62.7342pt.

[36

 <./ustm_logo.jpg> <./cepamoq.png> <./anbg.jpg>])
\tf@nav=\write9
\openout9 = `defense.nav'.

\tf@toc=\write10
\openout10 = `defense.toc'.

\tf@snm=\write11
\openout11 = `defense.snm'.



Package glossaries Warning: No \printglossary or \printglossaries found. 
(Remove \makeglossaries if you don't want any glossaries.) 
This document will not have a glossary.

Package atveryend Info: Empty hook `BeforeClearDocument' on input line 405.
Package atveryend Info: Empty hook `AfterLastShipout' on input line 405.
(./defense.aux)
Package atveryend Info: Executing hook `AtVeryEndDocument' on input line 405.
Package atveryend Info: Executing hook `AtEndAfterFileList' on input line 405.
Package rerunfilecheck Info: File `defense.out' has not changed.
(rerunfilecheck)             Checksum: C36A07A976A92088D14261B998D42BD0;333.
 ) 
Here is how much of TeX's memory you used:
 40621 strings out of 492623
 799489 string characters out of 6129536
 937752 words of memory out of 5000000
 43647 multiletter control sequences out of 15000+600000
 549604 words of font info for 89 fonts, out of 8000000 for 9000
 1141 hyphenation exceptions out of 8191
 57i,27n,95p,1988b,888s stack positions out of 5000i,500n,10000p,200000b,80000s
pdfTeX warning (dest): name{glo:cnfa} has been referenced but does not exist,
 replaced by a fixed one

pdfTeX warning (dest): name{glo:esdt} has been referenced but does not exist, r
eplaced by a fixed one

pdfTeX warning (dest): name{glo:esit} has been referenced but does not exist, r
eplaced by a fixed one

pdfTeX warning (dest): name{glo:ec} has been referenced but does not exist, rep
laced by a fixed one

pdfTeX warning (dest): name{glo:em} has been referenced but does not exist, rep
laced by a fixed one

pdfTeX warning (dest): name{glo:sfa} has been referenced but does not exist, re
placed by a fixed one

</usr/local/texlive/2019/texmf-dist/fonts/type1/public/amsfonts/cmextra/cmbsy6.
pfb></usr/local/texlive/2019/texmf-dist/fonts/type1/public/amsfonts/cmextra/cmb
sy8.pfb></usr/local/texlive/2019/texmf-dist/fonts/type1/public/amsfonts/cm/cmbx
12.pfb></usr/local/texlive/2019/texmf-dist/fonts/type1/public/amsfonts/cm/cmbx6
.pfb></usr/local/texlive/2019/texmf-dist/fonts/type1/public/amsfonts/cm/cmbx8.p
fb></usr/local/texlive/2019/texmf-dist/fonts/type1/public/amsfonts/cmextra/cmex
7.pfb></usr/local/texlive/2019/texmf-dist/fonts/type1/public/amsfonts/cmextra/c
mex8.pfb></usr/local/texlive/2019/texmf-dist/fonts/type1/public/amsfonts/cmextr
a/cmex9.pfb></usr/local/texlive/2019/texmf-dist/fonts/type1/public/amsfonts/cm/
cmmi10.pfb></usr/local/texlive/2019/texmf-dist/fonts/type1/public/amsfonts/cm/c
mmi5.pfb></usr/local/texlive/2019/texmf-dist/fonts/type1/public/amsfonts/cm/cmm
i6.pfb></usr/local/texlive/2019/texmf-dist/fonts/type1/public/amsfonts/cm/cmmi7
.pfb></usr/local/texlive/2019/texmf-dist/fonts/type1/public/amsfonts/cm/cmmi8.p
fb></usr/local/texlive/2019/texmf-dist/fonts/type1/public/amsfonts/cm/cmmi9.pfb
></usr/local/texlive/2019/texmf-dist/fonts/type1/public/amsfonts/cmextra/cmmib8
.pfb></usr/local/texlive/2019/texmf-dist/fonts/type1/public/amsfonts/cmextra/cm
mib9.pfb></usr/local/texlive/2019/texmf-dist/fonts/type1/public/amsfonts/cm/cmr
10.pfb></usr/local/texlive/2019/texmf-dist/fonts/type1/public/amsfonts/cm/cmr5.
pfb></usr/local/texlive/2019/texmf-dist/fonts/type1/public/amsfonts/cm/cmr6.pfb
></usr/local/texlive/2019/texmf-dist/fonts/type1/public/amsfonts/cm/cmr7.pfb></
usr/local/texlive/2019/texmf-dist/fonts/type1/public/amsfonts/cm/cmr8.pfb></usr
/local/texlive/2019/texmf-dist/fonts/type1/public/amsfonts/cm/cmr9.pfb></usr/lo
cal/texlive/2019/texmf-dist/fonts/type1/public/amsfonts/cm/cmss10.pfb></usr/loc
al/texlive/2019/texmf-dist/fonts/type1/public/amsfonts/cm/cmss8.pfb></usr/local
/texlive/2019/texmf-dist/fonts/type1/public/amsfonts/cm/cmss9.pfb></usr/local/t
exlive/2019/texmf-dist/fonts/type1/public/amsfonts/cm/cmssbx10.pfb></usr/local/
texlive/2019/texmf-dist/fonts/type1/public/amsfonts/cm/cmssi8.pfb></usr/local/t
exlive/2019/texmf-dist/fonts/type1/public/amsfonts/cm/cmsy10.pfb></usr/local/te
xlive/2019/texmf-dist/fonts/type1/public/amsfonts/cm/cmsy5.pfb></usr/local/texl
ive/2019/texmf-dist/fonts/type1/public/amsfonts/cm/cmsy6.pfb></usr/local/texliv
e/2019/texmf-dist/fonts/type1/public/amsfonts/cm/cmsy7.pfb></usr/local/texlive/
2019/texmf-dist/fonts/type1/public/amsfonts/cm/cmsy8.pfb></usr/local/texlive/20
19/texmf-dist/fonts/type1/public/amsfonts/cm/cmsy9.pfb></usr/local/texlive/2019
/texmf-dist/fonts/type1/public/doublestroke/dsrom8.pfb></usr/local/texlive/2019
/texmf-dist/fonts/type1/public/amsfonts/symbols/msam10.pfb></usr/local/texlive/
2019/texmf-dist/fonts/type1/public/amsfonts/symbols/msam5.pfb>
Output written on defense.pdf (36 pages, 4459918 bytes).
PDF statistics:
 2902 PDF objects out of 2984 (max. 8388607)
 2647 compressed objects within 27 object streams
 92 named destinations out of 1000 (max. 500000)
 269 words of extra memory for PDF output out of 10000 (max. 10000000)

